Workbook
Name BasegameCycle: #REF!
Name JackpotHitFrequency: #REF!
Name JackpotTurnOver: #REF!
Name RTP: #REF!

Sheet rule
A2: 1.base 中M图标 wild/scatter/bonus 都有概率分裂为两个，M级图标分裂规则 根据M图标类型 按照列 去取具体的概率 base_split_symobl_x_weight
A3: 2.base 里的 wild图标和M级图标同样的规则去判断 具体概率取base_split_symobl_92_weight,
A4: 3.scatter 没有触发free时分裂的概率为90_spilt_not_triggre_free_weight，触发了free时去取需要分裂为总共几个scatter 具体权重为90_spilt_weight，具体哪一个scatter分裂 等概率随机，比如需要分裂为4个 则有1个scatter需要变为分裂图标 具体时哪一个则是 234列 等概率随机取一个
A5: 4.free里 M/wild/bonus 必定为分裂图标
A6: 5.bonus图标在base里按照94_split_weight_in_base 去变为分裂图标，变为分裂图标后 先判断第一部分的值94_spilt_value_part_1_weight_in_base_free，然后再取第二部分的值94_spilt_value_part_2_weight_in_base_free，如果bonus没变成分裂图标 则具体的值取94_spilt_value_part_1_weight_in_base_free
A7: 6.1~5个bonus 有概率触发respin6个及以上bonus直接触发respin，具体概率取94_hit_respin_random_rate，1~5个触发respin时会在棋盘非bonus位置扔上bonus图标（扔的位置等概率随机） 补齐到6个，扔的bonus 具体的值从94_spilt_value_part_1_weight_in_base_free里取
A8: 7.respin里自然落定只会出非分裂的bonus图标 具体的值取94_value_in_respin_weight，1~13 对应prize里的id 14~19对应为乘倍图标 x10/x8/x7/x5/x3/x2
A9: 8.respin里落定 bonus时有概率变为特殊的split图标 具体概率为94_change_to_95_hit_rate，根据当前棋盘上有几个普通bonus图标来取，大于5个时取6的概率。Split生效后会将棋盘上普通bonus变为分裂图标 ，分裂个数为95_split_nums_weight，分裂的位置等概率随机，当要分裂个数 大于 普通bonus总数时 ，分裂个数取普通bonus总数
A10: 9.split生效完成后 会变为分裂图标 具体的值取split_value_weight
A11: 10.split图标分裂后 按照分裂前的值 分为5类，50为第1类，100/150/200/250为第2类，500/750/2500/5000为第3类，mini/minor/major为第4类，x2/x3/x5/x7/x8/x10为第5类，每一类的另一半对应的命中概率为split_bonus_grop_hit_rate，另一半的取值为split_bonus_grop_1_hit_value_weight
A12: 11.respin里按照spin剩余次数 每一个格子有一个概率出bonus，具体为respin_bonus_hit_rate_spin_left_3 索引为当前局已经有的bonus位置，随着本次新增bonus的个数依次变化
A17: 需要跑的数据 | B17: base/free 里触发的respin 平均赢倍
B18: 方便对rtp 统计一下summary里3~11行的参数

Sheet #<pay_table>
A1: symbol ID | B1: 2K | C1: 3K | D1: 4K | E1: 5K | F1: 6K | G1: 7K | H1: 8K | I1: 9K | J1: 10K
A2: id:int<s> | B2: 2:int<s> | C2: 3:int<s> | D2: 4:int<s> | E2: 5:int<s> | F2: 6:int<s> | G2: 7:int<s> | H2: 8:int<s> | I2: 9:int<s> | J2: 10:int<s>
A3: =VLOOKUP('Pay Table'!B6,'Pay Table'!$M$3:$N$18,2,FALSE) -> 92 | B3: ='Pay Table'!C6 -> 0 | C3: ='Pay Table'!D6 -> 0 | D3: ='Pay Table'!E6 -> 0 | E3: ='Pay Table'!F6 -> 0 | F3: ='Pay Table'!G6 -> 0 | G3: ='Pay Table'!H6 -> 0 | H3: ='Pay Table'!I6 -> 0 | I3: ='Pay Table'!J6 -> 0 | J3: ='Pay Table'!K6 -> 0
A4: =VLOOKUP('Pay Table'!B7,'Pay Table'!$M$3:$N$18,2,FALSE) -> 0 | B4: 1 | C4: ='Pay Table'!D7 -> 5 | D4: ='Pay Table'!E7 -> 15 | E4: ='Pay Table'!F7 -> 50 | F4: ='Pay Table'!G7 -> 100 | G4: ='Pay Table'!H7 -> 200 | H4: ='Pay Table'!I7 -> 500 | I4: ='Pay Table'!J7 -> 750 | J4: ='Pay Table'!K7 -> 1000
A5: =VLOOKUP('Pay Table'!B8,'Pay Table'!$M$3:$N$18,2,FALSE) -> 1 | B5: 1 | C5: ='Pay Table'!D8 -> 5 | D5: ='Pay Table'!E8 -> 15 | E5: ='Pay Table'!F8 -> 50 | F5: ='Pay Table'!G8 -> 100 | G5: ='Pay Table'!H8 -> 200 | H5: ='Pay Table'!I8 -> 500 | I5: ='Pay Table'!J8 -> 750 | J5: ='Pay Table'!K8 -> 1000
A6: =VLOOKUP('Pay Table'!B9,'Pay Table'!$M$3:$N$18,2,FALSE) -> 2 | B6: 1 | C6: ='Pay Table'!D9 -> 5 | D6: ='Pay Table'!E9 -> 10 | E6: ='Pay Table'!F9 -> 25 | F6: ='Pay Table'!G9 -> 50 | G6: ='Pay Table'!H9 -> 100 | H6: ='Pay Table'!I9 -> 200 | I6: ='Pay Table'!J9 -> 300 | J6: ='Pay Table'!K9 -> 500
A7: =VLOOKUP('Pay Table'!B10,'Pay Table'!$M$3:$N$18,2,FALSE) -> 3 | B7: 1 | C7: ='Pay Table'!D10 -> 5 | D7: ='Pay Table'!E10 -> 10 | E7: ='Pay Table'!F10 -> 25 | F7: ='Pay Table'!G10 -> 50 | G7: ='Pay Table'!H10 -> 100 | H7: ='Pay Table'!I10 -> 200 | I7: ='Pay Table'!J10 -> 300 | J7: ='Pay Table'!K10 -> 500
A8: =VLOOKUP('Pay Table'!B11,'Pay Table'!$M$3:$N$18,2,FALSE) -> 4 | B8: 1 | C8: ='Pay Table'!D11 -> 5 | D8: ='Pay Table'!E11 -> 10 | E8: ='Pay Table'!F11 -> 25 | F8: ='Pay Table'!G11 -> 50 | G8: ='Pay Table'!H11 -> 100 | H8: ='Pay Table'!I11 -> 200 | I8: ='Pay Table'!J11 -> 300 | J8: ='Pay Table'!K11 -> 500
A9: =VLOOKUP('Pay Table'!B12,'Pay Table'!$M$3:$N$18,2,FALSE) -> 5 | B9: 1 | C9: ='Pay Table'!D12 -> 2 | D9: ='Pay Table'!E12 -> 5 | E9: ='Pay Table'!F12 -> 20 | F9: ='Pay Table'!G12 -> 30 | G9: ='Pay Table'!H12 -> 50 | H9: ='Pay Table'!I12 -> 75 | I9: ='Pay Table'!J12 -> 100 | J9: ='Pay Table'!K12 -> 0
A10: =VLOOKUP('Pay Table'!B13,'Pay Table'!$M$3:$N$18,2,FALSE) -> 6 | B10: 1 | C10: ='Pay Table'!D13 -> 2 | D10: ='Pay Table'!E13 -> 5 | E10: ='Pay Table'!F13 -> 20 | F10: ='Pay Table'!G13 -> 30 | G10: ='Pay Table'!H13 -> 50 | H10: ='Pay Table'!I13 -> 75 | I10: ='Pay Table'!J13 -> 100 | J10: ='Pay Table'!K13 -> 0
A11: =VLOOKUP('Pay Table'!B14,'Pay Table'!$M$3:$N$18,2,FALSE) -> 7 | B11: 1 | C11: ='Pay Table'!D14 -> 2 | D11: ='Pay Table'!E14 -> 5 | E11: ='Pay Table'!F14 -> 20 | F11: ='Pay Table'!G14 -> 30 | G11: ='Pay Table'!H14 -> 50 | H11: ='Pay Table'!I14 -> 75 | I11: ='Pay Table'!J14 -> 100 | J11: ='Pay Table'!K14 -> 0
A12: =VLOOKUP('Pay Table'!B15,'Pay Table'!$M$3:$N$18,2,FALSE) -> 8 | B12: 1 | C12: ='Pay Table'!D15 -> 2 | D12: ='Pay Table'!E15 -> 5 | E12: ='Pay Table'!F15 -> 20 | F12: ='Pay Table'!G15 -> 30 | G12: ='Pay Table'!H15 -> 50 | H12: ='Pay Table'!I15 -> 75 | I12: ='Pay Table'!J15 -> 100 | J12: ='Pay Table'!K15 -> 0
A13: =VLOOKUP('Pay Table'!B16,'Pay Table'!$M$3:$N$18,2,FALSE) -> 90 | B13: ='Pay Table'!C16 -> 0 | C13: ='Pay Table'!D16 -> 100 | D13: ='Pay Table'!E16 -> 200 | E13: ='Pay Table'!F16 -> 300 | F13: ='Pay Table'!G16 -> 500 | G13: ='Pay Table'!H16 -> 0 | H13: ='Pay Table'!I16 -> 0 | I13: ='Pay Table'!J16 -> 0 | J13: ='Pay Table'!K16 -> 0

Sheet #<prize>
A1: id:int<s> | B1: prize:int<s> | D1: type:int<s> | E1: jackpot_id:int<s>
A2: 1 | B2: =C2*100 -> 50000 | C2: 500 | D2: 1 | E2: 111204 | F2: GRAND | G2: =A2 -> 1 | I2: =C2*1.1 -> 550
A3: 2 | B3: =C3*100 -> 10000 | C3: 100 | D3: 1 | E3: 111203 | F3: MAJOR | G3: =A3 -> 2 | I3: =C3*1.1 -> 110
A4: 3 | B4: =C4*100 -> 2000 | C4: 20 | D4: 1 | E4: 111202 | F4: MINOR | G4: =A4 -> 3 | I4: =C4*1.1 -> 22
A5: 4 | B5: =C5*100 -> 1000 | C5: 10 | D5: 1 | E5: 111201 | F5: MINI | G5: =A5 -> 4 | I5: =C5*1.1 -> 11
A6: 5 | B6: =C6*100 -> 5000 | C6: 50 | D6: 0 | E6: 0 | G6: =A6 -> 5
A7: 6 | B7: =C7*100 -> 2500 | C7: 25 | D7: 0 | E7: 0 | G7: =A7 -> 6
A8: 7 | B8: =C8*100 -> 750 | C8: 7.5 | D8: 0 | E8: 0 | G8: =A8 -> 7
A9: 8 | B9: =C9*100 -> 500 | C9: 5 | D9: 0 | E9: 0 | G9: =A9 -> 8
A10: 9 | B10: =C10*100 -> 250 | C10: 2.5 | D10: 0 | E10: 0 | G10: =A10 -> 9
A11: 10 | B11: =C11*100 -> 200 | C11: 2 | D11: 0 | E11: 0 | G11: =A11 -> 10
A12: 11 | B12: =C12*100 -> 150 | C12: 1.5 | D12: 0 | E12: 0 | G12: =A12 -> 11
A13: 12 | B13: =C13*100 -> 100 | C13: 1 | D13: 0 | E13: 0 | G13: =A13 -> 12
A14: 13 | B14: =C14*100 -> 50 | C14: 0.5 | D14: 0 | E14: 0 | G14: =A14 -> 13

Sheet #<base_reel_strip>
B1: reelstripID
A2: id:int<s> | B2: reel_id:int<s> | C2: col:int<s> | D2: strip:array<s>
A3: 1 | B3: 1 | C3: 1 | D3: =_xlfn.TEXTJOIN(",",TRUE,'Base Game '!BB4:BB401) -> [3,100],[2,100],[5,100],[94,15],[94,25],[94,50],[5,100],[7,100],[3,100],[0,100],[0,100],[0,100],[7,100],[6,100],[4,100],[6,100],[4,100],[4,100],[0,100],[0,100],[0,100],[6,100],[3,100],[6,100],[2,100],[2,100],[3,100],[8,100],[2,100],[4,100],[4,100],[5,100],[6,100],[2,100],[7,100],[1,100],[1,100],[1,100],[5,100],[6,100],[94,50],[3,100],[94,100],[8,100],[2,100],[1,100],[1,100],[7,100],[3,100],[6,100],[7,100],[2,100],[4,100],[4,100],[0,100],[5,100],[2,100],[3,100],[5,100],[2,100],[3,100]
A4: =A3+1 -> 2 | B4: 1 | C4: =C3+1 -> 2 | D4: =_xlfn.TEXTJOIN(",",TRUE,'Base Game '!BC4:BC401) -> [1,100],[7,100],[92,100],[5,140],[90,144],[6,100],[4,100],[4,100],[2,100],[6,100],[5,100],[2,100],[2,100],[8,100],[5,100],[7,100],[4,100],[8,100],[92,100],[2,100],[4,100],[8,100],[7,100],[1,100],[1,100],[1,100],[3,100],[5,140],[90,150],[6,100],[1,100],[1,100],[1,100],[6,100],[94,15],[94,25],[94,50],[3,100],[3,100],[7,150],[90,200],[7,100],[0,100],[8,100],[94,50],[2,100],[94,100],[4,100],[4,200],[92,100],[6,100],[4,100],[0,100],[0,100],[0,100],[5,100],[2,100],[8,100]
A5: =A4+1 -> 3 | B5: 1 | C5: =C4+1 -> 3 | D5: =_xlfn.TEXTJOIN(",",TRUE,'Base Game '!BD4:BD401) -> [0,100],[0,100],[0,100],[5,140],[90,144],[8,100],[2,100],[3,100],[0,100],[0,100],[7,100],[3,100],[7,100],[8,100],[7,100],[92,100],[7,100],[0,100],[0,100],[0,100],[5,100],[1,100],[4,100],[4,100],[2,130],[90,135],[7,100],[1,100],[1,100],[1,100],[6,100],[5,100],[94,50],[7,100],[94,100],[6,100],[3,100],[92,100],[6,100],[1,100],[1,100],[1,100],[6,100],[8,100],[3,100],[4,100],[3,100],[6,180],[90,195],[8,100],[0,100],[92,100],[5,100],[94,15],[94,25],[94,50],[6,100]
A6: =A5+1 -> 4 | B6: 1 | C6: =C5+1 -> 4 | D6: =_xlfn.TEXTJOIN(",",TRUE,'Base Game '!BE4:BE401) -> [1,100],[1,100],[7,100],[8,100],[5,100],[3,100],[3,100],[5,100],[4,100],[0,100],[4,100],[2,100],[5,100],[92,100],[4,100],[8,100],[5,100],[4,100],[0,100],[0,100],[0,100],[5,100],[1,100],[1,100],[1,200],[6,190],[90,200],[5,100],[4,100],[2,100],[92,100],[3,100],[7,100],[0,100],[0,100],[0,100],[8,100],[94,50],[6,100],[94,100],[6,100],[3,100],[8,210],[7,210],[90,200],[6,100],[3,100],[6,100],[1,100],[1,100],[8,100],[94,15],[94,25],[94,50],[5,100],[3,100],[7,100],[8,100],[7,100],[92,100],[7,100],[8,100],[6,100],[1,100],[1,100],[1,100],[4,100],[8,100],[7,100],[2,100],[2,100],[7,100],[6,100],[4,100],[0,100],[0,100],[0,100],[5,100],[6,100],[1,100]
A7: =A6+1 -> 5 | B7: 1 | C7: =C6+1 -> 5 | D7: {=_xlfn.TEXTJOIN(",",TRUE,'Base Game '!BF4:BF176)} -> [3,100],[6,100],[94,15],[94,25],[94,50],[7,100],[0,100],[5,100],[6,100],[1,100],[1,100],[1,100],[6,100],[8,100],[2,100],[2,100],[3,100],[92,100],[6,100],[8,100],[94,50],[3,100],[94,100],[8,100],[7,100],[1,100],[1,100],[1,100],[2,100],[2,100],[5,100],[7,100],[6,100],[0,100],[0,100],[0,100],[4,100],[1,100],[8,100],[2,100],[6,100],[5,100],[3,100],[3,100],[8,100],[0,100],[0,100],[0,100],[92,100],[4,100],[1,100],[3,100],[4,100],[4,100],[0,100],[0,100],[0,100],[7,100],[1,100],[1,100],[1,100],[7,100],[6,100],[92,100],[6,100],[7,100],[0,100],[0,100],[0,100],[6,100],[5,100]
F620: =IF([1]Base3!B201="","",",["&VLOOKUP([1]Base3!B201,'[1]#<config>'!$D$2:$E$18,2,0)&",10]") | G620: =IF([1]Base3!C201="","",",["&VLOOKUP([1]Base3!C201,'[1]#<config>'!$D$2:$E$18,2,0)&",10]") | H620: =IF([1]Base3!D201="","",",["&VLOOKUP([1]Base3!D201,'[1]#<config>'!$D$2:$E$18,2,0)&",10]") | I620: =IF([1]Base3!E201="","",",["&VLOOKUP([1]Base3!E201,'[1]#<config>'!$D$2:$E$18,2,0)&",10]") | J620: =IF([1]Base3!F201="","",",["&VLOOKUP([1]Base3!F201,'[1]#<config>'!$D$2:$E$18,2,0)&",10]")
F621: =IF([1]Base3!B202="","",",["&VLOOKUP([1]Base3!B202,'[1]#<config>'!$D$2:$E$18,2,0)&",10]") | G621: =IF([1]Base3!C202="","",",["&VLOOKUP([1]Base3!C202,'[1]#<config>'!$D$2:$E$18,2,0)&",10]") | H621: =IF([1]Base3!D202="","",",["&VLOOKUP([1]Base3!D202,'[1]#<config>'!$D$2:$E$18,2,0)&",10]") | I621: =IF([1]Base3!E202="","",",["&VLOOKUP([1]Base3!E202,'[1]#<config>'!$D$2:$E$18,2,0)&",10]") | J621: =IF([1]Base3!F202="","",",["&VLOOKUP([1]Base3!F202,'[1]#<config>'!$D$2:$E$18,2,0)&",10]")
F622: =IF([1]Base3!B203="","",",["&VLOOKUP([1]Base3!B203,'[1]#<config>'!$D$2:$E$18,2,0)&",10]") | G622: =IF([1]Base3!C203="","",",["&VLOOKUP([1]Base3!C203,'[1]#<config>'!$D$2:$E$18,2,0)&",10]") | H622: =IF([1]Base3!D203="","",",["&VLOOKUP([1]Base3!D203,'[1]#<config>'!$D$2:$E$18,2,0)&",10]") | I622: =IF([1]Base3!E203="","",",["&VLOOKUP([1]Base3!E203,'[1]#<config>'!$D$2:$E$18,2,0)&",10]") | J622: =IF([1]Base3!F203="","",",["&VLOOKUP([1]Base3!F203,'[1]#<config>'!$D$2:$E$18,2,0)&",10]")
F623: =IF([1]Base3!B204="","",",["&VLOOKUP([1]Base3!B204,'[1]#<config>'!$D$2:$E$18,2,0)&",10]") | G623: =IF([1]Base3!C204="","",",["&VLOOKUP([1]Base3!C204,'[1]#<config>'!$D$2:$E$18,2,0)&",10]") | H623: =IF([1]Base3!D204="","",",["&VLOOKUP([1]Base3!D204,'[1]#<config>'!$D$2:$E$18,2,0)&",10]") | I623: =IF([1]Base3!E204="","",",["&VLOOKUP([1]Base3!E204,'[1]#<config>'!$D$2:$E$18,2,0)&",10]") | J623: =IF([1]Base3!F204="","",",["&VLOOKUP([1]Base3!F204,'[1]#<config>'!$D$2:$E$18,2,0)&",10]")

Sheet #<free_reel_strip>
B1: reelstripID
A2: id:int<s> | B2: reel_id:int<s> | C2: col:int<s> | D2: strip:array<s>
A3: 1 | B3: 1 | C3: 1 | D3: =_xlfn.TEXTJOIN(",",TRUE,'Free Game'!BB3:BB400) -> [1,100],[3,100],[7,100],[94,5],[94,10],[94,25],[6,100],[7,100],[2,100],[4,100],[3,100],[8,100],[5,100],[3,100],[4,100],[6,100],[0,100],[0,100],[2,100],[8,100],[2,100],[3,100],[2,100],[7,100],[6,100],[1,100],[1,100],[4,100],[4,100],[8,100],[1,100],[6,100],[4,100],[2,100],[5,100],[1,100],[1,100],[1,100],[5,100],[4,100],[2,25],[6,25],[94,25],[8,100],[2,100],[3,100],[4,100],[7,100],[8,100],[3,100],[0,100],[0,100],[0,100],[8,100],[7,100],[4,100],[2,100],[3,100],[5,100],[6,100],[3,100]
A4: =A3+1 -> 2 | B4: 1 | C4: =C3+1 -> 2 | D4: =_xlfn.TEXTJOIN(",",TRUE,'Free Game'!BC3:BC400) -> [3,100],[0,100],[0,100],[0,100],[4,100],[6,100],[4,100],[92,100],[92,100],[2,100],[5,100],[8,100],[1,100],[1,100],[1,100],[7,100],[8,100],[6,100],[92,100],[7,100],[3,100],[4,100],[4,100],[0,100],[0,100],[0,100],[6,100],[5,100],[7,100],[2,100],[1,100],[3,100],[3,100],[6,100],[94,5],[94,10],[94,25],[8,100],[6,100],[2,100],[0,100],[4,100],[8,100],[1,100],[2,25],[2,25],[94,25],[8,100],[92,100],[92,100],[92,100],[7,100],[5,100],[1,100],[1,100],[1,100],[6,100],[3,100]
A5: =A4+1 -> 3 | B5: 1 | C5: =C4+1 -> 3 | D5: =_xlfn.TEXTJOIN(",",TRUE,'Free Game'!BD3:BD400) -> [4,100],[92,100],[92,100],[92,100],[2,100],[8,100],[3,100],[3,100],[1,100],[1,100],[1,100],[6,100],[3,100],[5,100],[2,100],[0,100],[0,100],[4,100],[8,100],[5,100],[92,100],[0,100],[0,100],[0,100],[2,100],[7,100],[6,100],[0,100],[0,100],[0,100],[6,100],[5,100],[2,10],[7,25],[94,25],[6,100],[92,100],[8,100],[6,100],[0,100],[0,100],[2,100],[2,100],[8,100],[4,100],[6,100],[7,100],[1,100],[1,100],[1,100],[2,100],[4,100],[4,100],[94,5],[94,10],[94,25],[7,100]
A6: =A5+1 -> 4 | B6: 1 | C6: =C5+1 -> 4 | D6: =_xlfn.TEXTJOIN(",",TRUE,'Free Game'!BE3:BE400) -> [6,100],[0,100],[0,100],[0,100],[5,100],[3,100],[6,100],[92,100],[92,100],[92,100],[8,100],[2,100],[6,100],[4,100],[2,100],[0,100],[92,100],[4,100],[5,100],[7,100],[0,100],[5,100],[8,100],[2,100],[7,100],[1,100],[1,100],[92,100],[4,100],[2,100],[8,100],[3,100],[1,100],[1,100],[1,100],[3,100],[3,100],[2,25],[6,25],[94,25],[6,100],[2,100],[2,100],[1,100],[5,100],[6,100],[0,100],[0,100],[0,100],[2,100],[8,100],[94,5],[94,10],[94,25],[6,100],[8,100],[2,100],[92,100],[4,100],[5,100],[2,100],[92,100],[3,100],[8,100],[4,100],[4,100],[0,100],[0,100],[0,100],[6,100],[2,100],[7,100],[6,100],[92,100],[6,100],[7,100],[8,100],[1,100],[1,100],[1,100]
A7: =A6+1 -> 5 | B7: 1 | C7: =C6+1 -> 5 | D7: =_xlfn.TEXTJOIN(",",TRUE,'Free Game'!BF3:BF253) -> [1,100],[6,100],[94,5],[94,10],[94,25],[4,100],[7,100],[8,100],[5,100],[4,100],[1,100],[1,100],[6,100],[8,100],[92,100],[0,100],[0,100],[0,100],[6,100],[5,100],[2,25],[2,25],[94,25],[8,100],[7,100],[6,100],[92,100],[92,100],[92,100],[3,100],[5,100],[4,100],[0,100],[0,100],[0,100],[6,100],[4,100],[1,100],[1,100],[1,100],[5,100],[6,100],[2,100],[8,100],[92,100],[5,100],[7,100],[3,100],[3,100],[1,100],[1,100],[1,100],[6,100],[2,100],[4,100],[0,100],[0,100],[0,100],[7,100],[4,100],[4,100],[3,100],[6,100],[92,100],[2,100],[7,100],[5,100],[4,100],[3,100],[1,100],[1,100]
F620: =IF([1]Base3!B201="","",",["&VLOOKUP([1]Base3!B201,'[1]#<config>'!$D$2:$E$18,2,0)&",10]") | G620: =IF([1]Base3!C201="","",",["&VLOOKUP([1]Base3!C201,'[1]#<config>'!$D$2:$E$18,2,0)&",10]") | H620: =IF([1]Base3!D201="","",",["&VLOOKUP([1]Base3!D201,'[1]#<config>'!$D$2:$E$18,2,0)&",10]") | I620: =IF([1]Base3!E201="","",",["&VLOOKUP([1]Base3!E201,'[1]#<config>'!$D$2:$E$18,2,0)&",10]") | J620: =IF([1]Base3!F201="","",",["&VLOOKUP([1]Base3!F201,'[1]#<config>'!$D$2:$E$18,2,0)&",10]")
F621: =IF([1]Base3!B202="","",",["&VLOOKUP([1]Base3!B202,'[1]#<config>'!$D$2:$E$18,2,0)&",10]") | G621: =IF([1]Base3!C202="","",",["&VLOOKUP([1]Base3!C202,'[1]#<config>'!$D$2:$E$18,2,0)&",10]") | H621: =IF([1]Base3!D202="","",",["&VLOOKUP([1]Base3!D202,'[1]#<config>'!$D$2:$E$18,2,0)&",10]") | I621: =IF([1]Base3!E202="","",",["&VLOOKUP([1]Base3!E202,'[1]#<config>'!$D$2:$E$18,2,0)&",10]") | J621: =IF([1]Base3!F202="","",",["&VLOOKUP([1]Base3!F202,'[1]#<config>'!$D$2:$E$18,2,0)&",10]")
F622: =IF([1]Base3!B203="","",",["&VLOOKUP([1]Base3!B203,'[1]#<config>'!$D$2:$E$18,2,0)&",10]") | G622: =IF([1]Base3!C203="","",",["&VLOOKUP([1]Base3!C203,'[1]#<config>'!$D$2:$E$18,2,0)&",10]") | H622: =IF([1]Base3!D203="","",",["&VLOOKUP([1]Base3!D203,'[1]#<config>'!$D$2:$E$18,2,0)&",10]") | I622: =IF([1]Base3!E203="","",",["&VLOOKUP([1]Base3!E203,'[1]#<config>'!$D$2:$E$18,2,0)&",10]") | J622: =IF([1]Base3!F203="","",",["&VLOOKUP([1]Base3!F203,'[1]#<config>'!$D$2:$E$18,2,0)&",10]")
F623: =IF([1]Base3!B204="","",",["&VLOOKUP([1]Base3!B204,'[1]#<config>'!$D$2:$E$18,2,0)&",10]") | G623: =IF([1]Base3!C204="","",",["&VLOOKUP([1]Base3!C204,'[1]#<config>'!$D$2:$E$18,2,0)&",10]") | H623: =IF([1]Base3!D204="","",",["&VLOOKUP([1]Base3!D204,'[1]#<config>'!$D$2:$E$18,2,0)&",10]") | I623: =IF([1]Base3!E204="","",",["&VLOOKUP([1]Base3!E204,'[1]#<config>'!$D$2:$E$18,2,0)&",10]") | J623: =IF([1]Base3!F204="","",",["&VLOOKUP([1]Base3!F204,'[1]#<config>'!$D$2:$E$18,2,0)&",10]")

Sheet #<config>
A1: name:string<s> | B1: string_value:string<s> | C1: int_value:int<s> | D1: array_value:array<s>
A2: bet | C2: ='Pay Table'!B2*'Pay Table'!G2 -> 100 | E2: ='Pay Table'!B6 -> WILD | F2: =VLOOKUP(E2,'Pay Table'!$M$3:$N$18,2,FALSE) -> 92
A3: row | C3: 3 | E3: ='Pay Table'!B7 -> M1 | F3: =VLOOKUP(E3,'Pay Table'!$M$3:$N$18,2,FALSE) -> 0
A4: col | C4: 5 | E4: ='Pay Table'!B8 -> M2 | F4: =VLOOKUP(E4,'Pay Table'!$M$3:$N$18,2,FALSE) -> 1
E5: ='Pay Table'!B9 -> M3 | F5: =VLOOKUP(E5,'Pay Table'!$M$3:$N$18,2,FALSE) -> 2
A6: symbols | D6: =_xlfn.TEXTJOIN(",",TRUE,F3:F11) -> 0,1,2,3,4,5,6,7,8 | E6: ='Pay Table'!B10 -> M4 | F6: =VLOOKUP(E6,'Pay Table'!$M$3:$N$18,2,FALSE) -> 3
A7: wild | D7: =F2 -> 92 | E7: ='Pay Table'!B11 -> M5 | F7: =VLOOKUP(E7,'Pay Table'!$M$3:$N$18,2,FALSE) -> 4
A8: bonus | D8: =F13 -> 94 | E8: ='Pay Table'!B12 -> A | F8: =VLOOKUP(E8,'Pay Table'!$M$3:$N$18,2,FALSE) -> 5
A9: bonus2 | D9: =F14 -> 95 | E9: ='Pay Table'!B13 -> K | F9: =VLOOKUP(E9,'Pay Table'!$M$3:$N$18,2,FALSE) -> 6
A10: scatter | D10: =F12 -> 90 | E10: ='Pay Table'!B14 -> Q | F10: =VLOOKUP(E10,'Pay Table'!$M$3:$N$18,2,FALSE) -> 7
A11: jackpots | D11: =_xlfn.TEXTJOIN(",",TRUE,'#<prize>'!E2:E5) -> 111204,111203,111202,111201 | E11: ='Pay Table'!B15 -> J | F11: =VLOOKUP(E11,'Pay Table'!$M$3:$N$18,2,FALSE) -> 8
E12: ='Pay Table'!B16 -> SCATTER | F12: =VLOOKUP(E12,'Pay Table'!$M$3:$N$18,2,FALSE) -> 90
A13: line | B13: 3X5_50 | E13: ='Pay Table'!B17 -> LINK | F13: =VLOOKUP(E13,'Pay Table'!$M$3:$N$18,2,FALSE) -> 94
A14: rule | C14: 0 | E14: LINK_SPILT | F14: 95
A16: base_strip_weights | D16: ="[1,"&1*10000&"]" -> [1,10000]
A18: free_strip_weights | D18: ="[1,"&1*10000&"]" -> [1,10000]
A20: trigger_free_min_scatter_count | C20: ='Pay Table'!U3 -> 3
A21: respin_times | C21: 3
A23: base_split_symbol_92_weight | D23: {=_xlfn.TEXTJOIN(",",TRUE,"["&'Base Game '!AC93:AG93&",["&'Base Game '!AC94:AG94*10000&","&10000&"]]")} -> [1,[500,10000]],[2,[800,10000]],[3,[3500,10000]],[4,[5000,10000]],[5,[6500,10000]]
A24: base_split_symbol_0_weight | D24: {=_xlfn.TEXTJOIN(",",TRUE,"["&'Base Game '!AC93:AG93&",["&'Base Game '!AC95:AG95*10000&","&10000&"]]")} -> [1,[2000,10000]],[2,[6000,10000]],[3,[8000,10000]],[4,[8500,10000]],[5,[9000,10000]]
A25: base_split_symbol_1_weight | D25: {=_xlfn.TEXTJOIN(",",TRUE,"["&'Base Game '!AC93:AG93&",["&'Base Game '!AC96:AG96*10000&","&10000&"]]")} -> [1,[2000,10000]],[2,[6000,10000]],[3,[7000,10000]],[4,[8500,10000]],[5,[9000,10000]]
A26: base_split_symbol_2_weight | D26: {=_xlfn.TEXTJOIN(",",TRUE,"["&'Base Game '!AC93:AG93&",["&'Base Game '!AC97:AG97*10000&","&10000&"]]")} -> [1,[1000,10000]],[2,[2200,10000]],[3,[4500,10000]],[4,[7500,10000]],[5,[8500,10000]]
A27: base_split_symbol_3_weight | D27: {=_xlfn.TEXTJOIN(",",TRUE,"["&'Base Game '!AC93:AG93&",["&'Base Game '!AC98:AG98*10000&","&10000&"]]")} -> [1,[1000,10000]],[2,[2200,10000]],[3,[4500,10000]],[4,[7500,10000]],[5,[8500,10000]]
A28: base_split_symbol_4_weight | D28: {=_xlfn.TEXTJOIN(",",TRUE,"["&'Base Game '!AC93:AG93&",["&'Base Game '!AC99:AG99*10000&","&10000&"]]")} -> [1,[1000,10000]],[2,[2200,10000]],[3,[4500,10000]],[4,[7500,10000]],[5,[8500,10000]]
A31: 90_spilt_weight | D31: {=_xlfn.TEXTJOIN(",",TRUE,"["&'Base Game '!O130:R130&","&'Base Game '!O131:R131&"]")} -> [3,30],[4,100],[5,50],[6,12]
A32: 90_spilt_not_trigger_free_weight | D32: {=_xlfn.TEXTJOIN(",",TRUE,'Base Game '!U130*100&","&100)} -> 50,100
A33: 94_hit_respin_random_rate | D33: {=_xlfn.TEXTJOIN(",",TRUE,"["&'Base Game '!O144:T144&",["&'Base Game '!O148:T148*10000&","&10000&"]]")} -> [0,[0,10000]],[1,[5,10000]],[2,[55,10000]],[3,[190,10000]],[4,[300,10000]],[5,[700,10000]]
A34: 94_split_weight_in_base | D34: {=_xlfn.TEXTJOIN(",",TRUE,Respin!P74*10000&","&10000)} -> 2000,10000
A35: 94_spilt_value_part_1_weight_in_base_free | D35: {=_xlfn.TEXTJOIN(",",TRUE,"["&Respin!A38:A50&","&Respin!C22:C34&"]")} -> [1,0],[2,2],[3,46],[4,185],[5,7],[6,20],[7,100],[8,250],[9,800],[10,1200],[11,1650],[12,1900],[13,1880]
A36: 94_spilt_value_part_2_weight_in_base_free | D36: {=_xlfn.TEXTJOIN(",",TRUE,"["&Respin!A38:A56&","&Respin!C38:C56&"]")} -> [1,0],[2,1],[3,8],[4,25],[5,2],[6,3],[7,80],[8,100],[9,250],[10,300],[11,100],[12,0],[13,0],[1000,2],[800,5],[700,15],[500,150],[300,350],[200,700]
A38: 94_value_in_respin_weight | D38: {=_xlfn.TEXTJOIN(",",TRUE,"["&Respin!A38:A56&","&Respin!C61:C79&"]")} -> [1,0],[2,1],[3,20],[4,55],[5,2],[6,8],[7,40],[8,135],[9,250],[10,330],[11,350],[12,750],[13,900],[1000,0],[800,0],[700,0],[500,0],[300,0],[200,0]
A39: 94_change_to_95_hit_rate | D39: {=_xlfn.TEXTJOIN(",",TRUE,"["&Respin!I93:I107&",["&Respin!J93:J107*10000&","&10000&"]]")} -> [14,[4000,10000]],[13,[5500,10000]],[12,[5500,10000]],[11,[5500,10000]],[10,[5000,10000]],[9,[4500,10000]],[8,[4000,10000]],[7,[4000,10000]],[6,[4000,10000]],[5,[3000,10000]],[4,[2000,10000]],[3,[1500,10000]],[2,[800,10000]],[1,[500,10000]],[0,[0,10000]]
A40: 95_split_nums_weight | D40: {=_xlfn.TEXTJOIN(",",TRUE,"["&Respin!L84:L88&","&Respin!M84:M88&"]")} -> [5,3],[4,10],[3,15],[2,4],[1,0]
A41: split_value_weight | D41: {=_xlfn.TEXTJOIN(",",TRUE,"["&Respin!X93:X110&","&Respin!Z93:Z110&"]")} -> [2,0],[3,0],[4,0],[5,0],[6,0],[7,0],[8,0],[9,0],[10,0],[11,0],[12,0],[13,0],[1000,15],[800,50],[700,150],[500,300],[300,350],[200,300]
A43: split_bonus_group_hit_rate | D43: {=_xlfn.TEXTJOIN(",",TRUE,"["&Respin!P78:P82&",["&Respin!Q78:Q82*100&","&100&"]]")} -> [1,[13.5,100]],[2,[14,100]],[3,[11,100]],[4,[10,100]],[5,[10,100]]
A45: split_bonus_group_1_hit_value_weight | D45: {=_xlfn.TEXTJOIN(",",TRUE,"["&Respin!A39:A56&","&Respin!M93:M110&"]")} -> [2,0],[3,0],[4,100],[5,3],[6,10],[7,50],[8,100],[9,500],[10,800],[11,1000],[12,500],[13,100],[1000,30],[800,80],[700,150],[500,250],[300,1000],[200,2000]
A46: split_bonus_group_2_hit_value_weight | D46: {=_xlfn.TEXTJOIN(",",TRUE,"["&Respin!A39:A56&","&Respin!Q93:Q110&"]")} -> [2,0],[3,0],[4,10],[5,1],[6,5],[7,10],[8,50],[9,80],[10,100],[11,150],[12,0],[13,0],[1000,10],[800,30],[700,45],[500,80],[300,150],[200,250]
A47: split_bonus_group_3_hit_value_weight | D47: {=_xlfn.TEXTJOIN(",",TRUE,"["&Respin!A39:A56&","&Respin!U93:U110&"]")} -> [2,1],[3,10],[4,150],[5,2],[6,10],[7,250],[8,400],[9,80],[10,30],[11,0],[12,0],[13,0],[1000,28],[800,80],[700,250],[500,350],[300,500],[200,650]
A48: split_bonus_group_4_hit_value_weight | D48: {=_xlfn.TEXTJOIN(",",TRUE,"["&Respin!A39:A56&","&Respin!M115:M132&"]")} -> [2,2],[3,35],[4,200],[5,5],[6,25],[7,100],[8,150],[9,400],[10,550],[11,650],[12,450],[13,150],[1000,38],[800,300],[700,450],[500,1300],[300,1800],[200,2000]
A49: split_bonus_group_5_hit_value_weight | D49: {=_xlfn.TEXTJOIN(",",TRUE,"["&Respin!A39:A56&","&Respin!Q115:Q132&"]")} -> [2,2],[3,35],[4,150],[5,25],[6,80],[7,450],[8,1000],[9,2500],[10,3500],[11,1500],[12,500],[13,0],[1000,0],[800,0],[700,0],[500,0],[300,0],[200,0]
A51: respin_bonus_hit_rate_spin_1 | D51: {=_xlfn.TEXTJOIN(",",TRUE,"["&Respin!B4:B19&",["&Respin!C4:C19*1000&","&1000&"]]")} -> [0,[100,1000]],[1,[100,1000]],[2,[100,1000]],[3,[100,1000]],[4,[100,1000]],[5,[100,1000]],[6,[150,1000]],[7,[130,1000]],[8,[70,1000]],[9,[70,1000]],[10,[65,1000]],[11,[60,1000]],[12,[50,1000]],[13,[10,1000]],[14,[1,1000]],[15,[0,1000]]
A52: respin_bonus_hit_rate_spin_2 | D52: {=_xlfn.TEXTJOIN(",",TRUE,"["&Respin!B4:B19&",["&Respin!F4:F19*1000&","&1000&"]]")} -> [0,[100,1000]],[1,[100,1000]],[2,[100,1000]],[3,[100,1000]],[4,[100,1000]],[5,[100,1000]],[6,[150,1000]],[7,[130,1000]],[8,[70,1000]],[9,[70,1000]],[10,[65,1000]],[11,[60,1000]],[12,[50,1000]],[13,[10,1000]],[14,[1,1000]],[15,[0,1000]]
A53: respin_bonus_hit_rate_spin_3 | D53: {=_xlfn.TEXTJOIN(",",TRUE,"["&Respin!B4:B19&",["&Respin!I4:I19*1000&","&1000&"]]")} -> [0,[110,1000]],[1,[110,1000]],[2,[110,1000]],[3,[110,1000]],[4,[110,1000]],[5,[110,1000]],[6,[180,1000]],[7,[150,1000]],[8,[70,1000]],[9,[70,1000]],[10,[65,1000]],[11,[60,1000]],[12,[55,1000]],[13,[20,1000]],[14,[1,1000]],[15,[0,1000]]
A55: base_triggers | D55: "line","free","re_spin"
A56: free_triggers | D56: "line","re_spin"
A57: symbols_score | D57: [90,1],[0,1],[1,1],[2,1],[3,1],[4,1],[5,1],[6,1],[7,1],[8,1],[92,1],[94,1],[95,1]
A59: random_respin_drop_bonus_5 | D59: [[1,1,1,1,1],1],[[1,1,1,2],1],[[1,2,2],1]
A60: random_respin_drop_bonus_4 | D60: [[1,1,1,1],1],[[1,1,2],1],[[2,2],1]
A61: random_respin_drop_bonus_3 | D61: [[1,1,1],1],[[1,2],1]
A62: random_respin_drop_bonus_2 | D62: [[1,1],1],[[2],1]
A63: random_respin_drop_bonus_1 | D63: [[1],1]
A65: prize_for_group | D65: {=_xlfn.TEXTJOIN(",",TRUE,"["&Respin!A39:A56&","&Respin!G39:G56&"]")} -> [2,4],[3,4],[4,4],[5,3],[6,3],[7,3],[8,3],[9,2],[10,2],[11,2],[12,1],[13,1],[1000,5],[800,5],[700,5],[500,5],[300,5],[200,5]
A66: scatter_mul | D66: {=_xlfn.TEXTJOIN(",",TRUE,"["&'Pay Table'!D5:G5&","&'Pay Table'!D19:G19&"]")} -> [3,1],[4,2],[5,3],[6,5]
A68: random_respin_drop_bonus_4_free | D68: [[2,2],1]
A69: random_respin_drop_bonus_2_free | D69: [[2],1]
A71: respin_hit_95_protect | D71: =_xlfn.TEXTJOIN(",",TRUE,Respin!J89*10000&","&10000) -> 0,10000
A72: respin_hit_95_protect_num | C72: 13

Sheet Summary
M1: 竞品情况 | N1: 1.base 里奖线命中率 35%左右，给的倍数偏低 。赢倍基本上就是1倍以下0.5倍左右 很难看到大赢倍，分裂M图标在base没啥存在感
A2: Total RTP： | B2: =B3+B4+B5 -> 0.90168195 | N2: 2.触发respin 随机触发占比不低与直接落定6个及以上bonus触发大概比例在4:3,给的倍数不低，统计的数据是44.59倍
A3: Base Game Line RTP： | B3: ='Base Game '!O161 -> 0.31446142 | N3: 3.respin 结束平均落定10.57个bonus，其中51.35%是split图标 ，48.6%是普通的图标，split图标里 又有10.5%是无效的bonus（就是分裂后一半是倍数一半是空 这个不参与最后的赔付）
A4: Free Game RTP： | B4: ='Free Game'!O105+'Free Game'!O110 -> 0.2054437 | N4: 4.free里wild出现概率挺高，wild不堆叠都是单个单个的wild，free里M图标分裂存在感就很强 因为wild变多了 比起base 奖线命中率直线上升，M分裂图标存在感就很强 能看到 奖线大赢倍
A5: Base Respin Game RTP： | B5: =Respin!C85 -> 0.38177684 | N5: 5.free里触发respin 统计的数据 大概是 8次free 有2次free里触发了respin。Free里不中大奖线或者respin的话 整体倍数就偏低。
A6: Free Game Hit Frequency： | B6: ='Base Game '!O164 -> 158.34337
A7: Base Respin Game Frequency： | B7: ='Base Game '!O167 -> 109.31265
A8: Total Bonus Game Frequency： | B8: =1/(1/B6+1/B7) -> 64.668574 | M8: 与竞品的区别 | N8: 玩法与竞品玩法有区别,wild改为概率变为2个(原版wild与M图标产生赔付算2个 与AKQJ算1个,一个位置上wild同时与M和AKQJ产生赔付会有2种状态)，free期间bonus 必定是2个(原版是概率变2个),
A9: Avg Bonus Nums： | B9: =Respin!C83 -> 10.819853 | N9: 去掉了首列wild（原版首列有wild以及wild有赔付奖线逻辑要改动到底层，这样修改成本最低）
A10: Avg Free Nums: | B10: ='Free Game'!O107 -> 8.4583333
A11: Avg Respin Mul in Base : | B11: =Respin!C84 -> 41.733037 | M11: v1： | N11: 出版图标M3M4M5没底板 看起来盘面就比较空，没有竞品m级图标堆到一起的感觉，和策划沟通后原画改动成本较高，从数值上入手成本较小
A12: Avg Respin Mul in Free : | B12: ='Free Game'!O113 -> 42.438925 | N12: 将轮带里m1 m2图标做2连3连堆叠减弱盘面太空的感觉,free里保持一致也添加了m1m2的堆叠 强化m1 m2的存在感，也正好贴合free转场时两个忍者拼刀的感觉
N13: base里12列加了m1/m2的2连堆叠，345加了3连堆叠，free里强化了一下 第2345列也加了m1/m2的三连堆叠, 调整paytable 降低m3m4m5, 6/7/8 连赔付与m2 做区分
B14: 触发概率 | C14: 间隔 | D14: 平均赢倍 | E14: RTP
A15: Base Line Game | B15: 0.340547 | C15: =1/B15 -> 2.9364522 | D15: =E15/B15 -> 0.92340093 | E15: ='Base Game '!O161 -> 0.31446142 | M15: v2: | N15: respin 怎么进怎么出一个没中这体验很差 提升bonus 6个及以下的出球概率 降低10个11个出球的概率，平均出球数保持不变 10.6
A16: Free Games Line Games | B16: ='Base Game '!O163 -> 0.0063153893 | C16: =1/B16 -> 158.34337 | D16: ='Free Game'!O108 -> 23.503155 | E16: ='Free Game'!O105 -> 0.15543157 | N16: 出现第一个太刀速度有点太快了 刚开始spin几下就出 没有nearmiss体验 出首个太刀的概率降到45%
A17: Base Trigger Respin Games | B17: ='Base Game '!O166 -> 0.0091480723 | C17: =1/B17 -> 109.31265 | D17: =Respin!C84 -> 41.733037 | E17: =B5 -> 0.38177684
A18: Free Trigger Respin Games | B18: ='Free Game'!O111 -> 0.022061041 | C18: =1/B18 -> 45.328777 | D18: ='Free Game'!O113 -> 42.438925 | E18: ='Base Game '!O163*'Free Game'!O113*'Free Game'!O111*'Free Game'!O107 -> 0.050012124 | M18: v3： | N18: 机台重点还是respin，把free里触发respin概率提升 目前是平均17.3次free触发一次respin（一轮free下来 48%的概率能中respin），保证free内部体验 提升free间隔158，把free平均赢倍提高到37倍
A19: Total Respin Games(包含free里触发respin) | B19: ='Base Game '!O166+'Base Game '!O163*'Free Game'!O107*'Free Game'!O111 -> 0.010326522 | C19: =1/B19 -> 96.838029 | D19: =Respin!C84+'Base Game '!O163*'Free Game'!O107*'Free Game'!O111*'Free Game'!O113 -> 41.783049 | E19: =D19*B19 -> 0.43147356 | N19: free触发上 触发10/12次free概率有点高，玩起来感觉多free次数不是那么稀有了，降低一点出12/10次free的概率 平均free次数从8.9次降低到8.4次
A20: Total Free Games(包含free里触发respin) | B20: ='Base Game '!O163 -> 0.0063153893 | C20: =1/B20 -> 158.34337 | D20: =E20/B20 -> 32.530647 | E20: =E16+E18 -> 0.2054437
M21: v4： | N21: free里bonus都是2个的 另一半是乘倍的概率有点高74% free里中的respin 玩起来就感觉另一半全是乘倍了 降低到54%把乘倍换成高价值的pot值
A22: 竞品数据 | B22: 触发概率 | C22: 间隔 | D22: 平均赢倍 | E22: RTP
A23: Base Line Game | B23: =竞品数据统计!H2 -> 0.34974093 | C23: =1/B23 -> 2.8592593 | D23: =E23/B23 -> 0.94701978 | E23: =竞品数据统计!I2 -> 0.33121158 | F23: 统计数据不多竞品数据仅供参考 | M23: v5： | N23: 感觉太刀出现的价值期待有点低了 降低太刀出现的概率 35%，提高base落出来的bonus的平均价值到2.5倍以上的概率 提升到21%
A24: Respin Games | B24: =竞品数据统计!K2 -> 0.0077720207 | C24: =1/B24 -> 128.66667 | D24: =竞品数据统计!K4 -> 43.410256 | E24: =竞品数据统计!K6 -> 0.33738541
A25: Free Games | B25: =竞品数据统计!S2 -> 0.0090673575 | C25: =1/B25 -> 110.28571 | D25: =竞品数据统计!S4 -> 25.562857 | E25: =竞品数据统计!S7 -> 0.23178756 | M25: v6: | N25: 提升 respin里 另一半出乘倍的概率，降低另一半出bonus的概率 ，提升出高乘倍的概率
N26: 增加轮带里m1m2的堆叠 降低paytable里的赔付，提高base里大赢的概率将base里10倍以上的概率从0.13%提升到0.47%
N27: free 里触发respin 的概率降低 增加m1m2 以及wild堆叠 将体验往奖线上放，目前33的free 奖线占23倍
M29: v7: | N29: base/free m1m2堆叠加的有点多了 拆开堆叠 降低m1m2赔付比重到 分一部分给到m3m4m5, free 里减少一点m1m2 的赔付 加了一点wild降低波动
N30: respin里提升出刀的概率 平均出刀0.99提升到1.12，降低刀平均切的个数4.08降到3.6，另一半出bonus的概率提升
A32: 机台 | B32: 阶段 | C32: 赢倍 | D32: 占比 | M32: v8： | N32: 调整第四列出scatter的概率 将234列SCATTER都调整成差不多的概率，减小nearmiss的概率，free触发间隔保持不变，
A33: 1112 | B33: base | C33: [100,200) | D33: 1.5e-05 | N33: respin里减小不同bonus另一半出东西不同的差异 (主要是提升第一组出倍数的概率)，提升一点点太刀变乘倍后另一半出bonus的概率
A34: 1112 | B34: base | C34: [50,100) | D34: 0.000156
A35: 1112 | B35: base | C35: [30,50) | D35: 0.000386 | M35: v9: | N35: 提升base下 bonus分裂概率 降低轮带出bonus概率 respin间隔保持109不变
A36: 1112 | B36: base | C36: [20,30) | D36: 0.000724
A37: 1112 | B37: base | C37: [10,20) | D37: 0.002729 | M37: v10: | N37: 提升 刀变乘倍之后以及jackpot 另一半出的概率 ，提升minor mini配比 降低一点太刀切的数量3.375
A38: 1112 | B38: base | C38: [8,10) | D38: 0.001437
A39: 1112 | B39: base | C39: [5,8) | D39: 0.004753
A40: 1112 | B40: base | C40: [4,5) | D40: 0.003087
A41: 1112 | B41: base | C41: [2,4) | D41: 0.020333
A42: 1112 | B42: base | C42: [1,2) | D42: 0.032659
A43: 1112 | B43: base | C43: [0.5,1) | D43: 0.063165
A44: 1112 | B44: base | C44: [0.2,0.5) | D44: 0.105178
A45: 1112 | B45: base | C45: [0.1,0.2) | D45: 0.03847
A46: 1112 | B46: base | C46: [0.00001,0.1) | D46: 0.072677
A47: 1112 | B47: base | C47: [0,0.00001) | D47: 0.654231
A48: 1112 | B48: free | C48: [500,1000) | D48: 0.00015792798
A49: 1112 | B49: free | C49: [200,500) | D49: 0.0044219836
... A65: 1112 | B65: respin | C65: [10,20) | D65: 0.20190092

Sheet Pay Line
A2: Base | D2: 1 | J2: 2 | P2: 3 | V2: 4 | AB2: 5 | AH2: 6 | AN2: 7 | AT2: 8 | AZ2: 9 | BF2: 10 | BN2: ID
C3: 4 | BN3: 1 | BO3: { | BP3: {=IF(SUM(IF(D3:D6="x",$C$3:$C$6,0))=0,"},{",SUM(IF(D3:D6="x",$C$3:$C$6,0)))} -> 2 | BQ3: {=IF(SUM(IF(E3:E6="x",$C$3:$C$6,0))=0,"},{",SUM(IF(E3:E6="x",$C$3:$C$6,0)))} -> 2 | BR3: {=IF(SUM(IF(F3:F6="x",$C$3:$C$6,0))=0,"},{",SUM(IF(F3:F6="x",$C$3:$C$6,0)))} -> 2 | BS3: {=IF(SUM(IF(G3:G6="x",$C$3:$C$6,0))=0,"},{",SUM(IF(G3:G6="x",$C$3:$C$6,0)))} -> 2 | BT3: {=IF(SUM(IF(H3:H6="x",$C$3:$C$6,0))=0,"},{",SUM(IF(H3:H6="x",$C$3:$C$6,0)))} -> 2 | BU3: {=IF(SUM(IF(I3:I6="x",$C$3:$C$6,0))=0,"},{",SUM(IF(I3:I6="x",$C$3:$C$6,0)))} -> },{ | BV3: {=IF(SUM(IF(J3:J6="x",$C$3:$C$6,0))=0,"},{",SUM(IF(J3:J6="x",$C$3:$C$6,0)))} -> 3 | BW3: {=IF(SUM(IF(K3:K6="x",$C$3:$C$6,0))=0,"},{",SUM(IF(K3:K6="x",$C$3:$C$6,0)))} -> 3 | ... DV3: {=IF(SUM(IF(BJ3:BJ6="x",$C$3:$C$6,0))=0,"},{",SUM(IF(BJ3:BJ6="x",$C$3:$C$6,0)))} -> 1 | DW3: },
C4: 3 | J4: x | K4: x | L4: x | M4: x | N4: x | V4: x | Z4: x | AD4: x | AH4: x | AI4: x | AQ4: x | AR4: x | AU4: x | BC4: x | BF4: x | BN4: 11 | BO4: { | BP4: {=IF(SUM(IF(D9:D12="x",$C$9:$C$12,0))=0,"},{",SUM(IF(D9:D12="x",$C$9:$C$12,0)))} -> 1 | BQ4: {=IF(SUM(IF(E9:E12="x",$C$9:$C$12,0))=0,"},{",SUM(IF(E9:E12="x",$C$9:$C$12,0)))} -> 2 | BR4: {=IF(SUM(IF(F9:F12="x",$C$9:$C$12,0))=0,"},{",SUM(IF(F9:F12="x",$C$9:$C$12,0)))} -> 2 | BS4: {=IF(SUM(IF(G9:G12="x",$C$9:$C$12,0))=0,"},{",SUM(IF(G9:G12="x",$C$9:$C$12,0)))} -> 2 | BT4: {=IF(SUM(IF(H9:H12="x",$C$9:$C$12,0))=0,"},{",SUM(IF(H9:H12="x",$C$9:$C$12,0)))} -> 3 | BU4: {=IF(SUM(IF(I9:I12="x",$C$9:$C$12,0))=0,"},{",SUM(IF(I9:I12="x",$C$9:$C$12,0)))} -> },{ | BV4: {=IF(SUM(IF(J9:J12="x",$C$9:$C$12,0))=0,"},{",SUM(IF(J9:J12="x",$C$9:$C$12,0)))} -> 2 | BW4: {=IF(SUM(IF(K9:K12="x",$C$9:$C$12,0))=0,"},{",SUM(IF(K9:K12="x",$C$9:$C$12,0)))} -> 3 | ... DV4: {=IF(SUM(IF(BJ9:BJ12="x",$C$9:$C$12,0))=0,"},{",SUM(IF(BJ9:BJ12="x",$C$9:$C$12,0)))} -> 1 | DW4: },
C5: 2 | D5: x | E5: x | F5: x | G5: x | H5: x | W5: x | Y5: x | AC5: x | AE5: x | AJ5: x | AP5: x | AT5: x | AV5: x | AX5: x | AZ5: x | BB5: x | BD5: x | BG5: x | BH5: x | BI5: x | BN5: 21 | BO5: { | BP5: =IF((IF(D15="x",4,0)+IF(D16="x",3,0)+IF(D17="x",2,0)+IF(D18="x",1,0))=0,"},{",(IF(D15="x",4,0)+IF(D16="x",3,0)+IF(D17="x",2,0)+IF(D18="x",1,0))) -> 1 | BQ5: =IF((IF(E15="x",4,0)+IF(E16="x",3,0)+IF(E17="x",2,0)+IF(E18="x",1,0))=0,"},{",(IF(E15="x",4,0)+IF(E16="x",3,0)+IF(E17="x",2,0)+IF(E18="x",1,0))) -> 1 | BR5: =IF((IF(F15="x",4,0)+IF(F16="x",3,0)+IF(F17="x",2,0)+IF(F18="x",1,0))=0,"},{",(IF(F15="x",4,0)+IF(F16="x",3,0)+IF(F17="x",2,0)+IF(F18="x",1,0))) -> 1 | BS5: =IF((IF(G15="x",4,0)+IF(G16="x",3,0)+IF(G17="x",2,0)+IF(G18="x",1,0))=0,"},{",(IF(G15="x",4,0)+IF(G16="x",3,0)+IF(G17="x",2,0)+IF(G18="x",1,0))) -> 2 | BT5: =IF((IF(H15="x",4,0)+IF(H16="x",3,0)+IF(H17="x",2,0)+IF(H18="x",1,0))=0,"},{",(IF(H15="x",4,0)+IF(H16="x",3,0)+IF(H17="x",2,0)+IF(H18="x",1,0))) -> 3 | BU5: =IF((IF(I15="x",4,0)+IF(I16="x",3,0)+IF(I17="x",2,0)+IF(I18="x",1,0))=0,"},{",(IF(I15="x",4,0)+IF(I16="x",3,0)+IF(I17="x",2,0)+IF(I18="x",1,0))) -> },{ | BV5: =IF((IF(J15="x",4,0)+IF(J16="x",3,0)+IF(J17="x",2,0)+IF(J18="x",1,0))=0,"},{",(IF(J15="x",4,0)+IF(J16="x",3,0)+IF(J17="x",2,0)+IF(J18="x",1,0))) -> 3 | BW5: =IF((IF(K15="x",4,0)+IF(K16="x",3,0)+IF(K17="x",2,0)+IF(K18="x",1,0))=0,"},{",(IF(K15="x",4,0)+IF(K16="x",3,0)+IF(K17="x",2,0)+IF(K18="x",1,0))) -> 2 | ... DV5: =IF((IF(BJ15="x",4,0)+IF(BJ16="x",3,0)+IF(BJ17="x",2,0)+IF(BJ18="x",1,0))=0,"},{",(IF(BJ15="x",4,0)+IF(BJ16="x",3,0)+IF(BJ17="x",2,0)+IF(BJ18="x",1,0))) -> 1 | DW5: },
C6: 1 | P6: x | Q6: x | R6: x | S6: x | T6: x | X6: x | AB6: x | AF6: x | AK6: x | AL6: x | AN6: x | AO6: x | AW6: x | BA6: x | BJ6: x | BN6: 31 | BO6: { | BP6: =IF((IF(D21="x",4,0)+IF(D22="x",3,0)+IF(D23="x",2,0)+IF(D24="x",1,0))=0,"},{",(IF(D21="x",4,0)+IF(D22="x",3,0)+IF(D23="x",2,0)+IF(D24="x",1,0))) -> },{ | BQ6: =IF((IF(E21="x",4,0)+IF(E22="x",3,0)+IF(E23="x",2,0)+IF(E24="x",1,0))=0,"},{",(IF(E21="x",4,0)+IF(E22="x",3,0)+IF(E23="x",2,0)+IF(E24="x",1,0))) -> },{ | BR6: =IF((IF(F21="x",4,0)+IF(F22="x",3,0)+IF(F23="x",2,0)+IF(F24="x",1,0))=0,"},{",(IF(F21="x",4,0)+IF(F22="x",3,0)+IF(F23="x",2,0)+IF(F24="x",1,0))) -> },{ | BS6: =IF((IF(G21="x",4,0)+IF(G22="x",3,0)+IF(G23="x",2,0)+IF(G24="x",1,0))=0,"},{",(IF(G21="x",4,0)+IF(G22="x",3,0)+IF(G23="x",2,0)+IF(G24="x",1,0))) -> },{ | BT6: =IF((IF(H21="x",4,0)+IF(H22="x",3,0)+IF(H23="x",2,0)+IF(H24="x",1,0))=0,"},{",(IF(H21="x",4,0)+IF(H22="x",3,0)+IF(H23="x",2,0)+IF(H24="x",1,0))) -> },{ | BU6: =IF((IF(I21="x",4,0)+IF(I22="x",3,0)+IF(I23="x",2,0)+IF(I24="x",1,0))=0,"},{",(IF(I21="x",4,0)+IF(I22="x",3,0)+IF(I23="x",2,0)+IF(I24="x",1,0))) -> },{ | BV6: =IF((IF(J21="x",4,0)+IF(J22="x",3,0)+IF(J23="x",2,0)+IF(J24="x",1,0))=0,"},{",(IF(J21="x",4,0)+IF(J22="x",3,0)+IF(J23="x",2,0)+IF(J24="x",1,0))) -> },{ | BW6: =IF((IF(K21="x",4,0)+IF(K22="x",3,0)+IF(K23="x",2,0)+IF(K24="x",1,0))=0,"},{",(IF(K21="x",4,0)+IF(K22="x",3,0)+IF(K23="x",2,0)+IF(K24="x",1,0))) -> },{ | ... DV6: =IF((IF(BJ21="x",4,0)+IF(BJ22="x",3,0)+IF(BJ23="x",2,0)+IF(BJ24="x",1,0))=0,"},{",(IF(BJ21="x",4,0)+IF(BJ22="x",3,0)+IF(BJ23="x",2,0)+IF(BJ24="x",1,0))) -> },{ | DW6: },
BN7: 41 | BO7: { | BP7: {=IF(SUM(IF(D27:D34="x",$C$27:$C$34,0))=0,"},{",SUM(IF(D27:D34="x",$C$27:$C$34,0)))} -> },{ | BQ7: {=IF(SUM(IF(E27:E34="x",$C$27:$C$34,0))=0,"},{",SUM(IF(E27:E34="x",$C$27:$C$34,0)))} -> },{ | BR7: {=IF(SUM(IF(F27:F34="x",$C$27:$C$34,0))=0,"},{",SUM(IF(F27:F34="x",$C$27:$C$34,0)))} -> },{ | BS7: {=IF(SUM(IF(G27:G34="x",$C$27:$C$34,0))=0,"},{",SUM(IF(G27:G34="x",$C$27:$C$34,0)))} -> },{ | BT7: {=IF(SUM(IF(H27:H34="x",$C$27:$C$34,0))=0,"},{",SUM(IF(H27:H34="x",$C$27:$C$34,0)))} -> },{ | BU7: {=IF(SUM(IF(I27:I34="x",$C$27:$C$34,0))=0,"},{",SUM(IF(I27:I34="x",$C$27:$C$34,0)))} -> },{ | BV7: {=IF(SUM(IF(J27:J34="x",$C$27:$C$34,0))=0,"},{",SUM(IF(J27:J34="x",$C$27:$C$34,0)))} -> },{ | BW7: {=IF(SUM(IF(K27:K34="x",$C$27:$C$34,0))=0,"},{",SUM(IF(K27:K34="x",$C$27:$C$34,0)))} -> },{ | ... DV7: {=IF(SUM(IF(BJ27:BJ34="x",$C$27:$C$34,0))=0,"},{",SUM(IF(BJ27:BJ34="x",$C$27:$C$34,0)))} -> },{ | DW7: },
D8: 11 | J8: 12 | P8: 13 | V8: 14 | AB8: 15 | AH8: 16 | AN8: 17 | AT8: 18 | AZ8: 19 | BF8: 20 | BN8: 51 | BO8: { | BP8: {=IF(SUM(IF(D37:D44="x",$C$37:$C$44,0))=0,"},{",SUM(IF(D37:D44="x",$C$37:$C$44,0)))} -> },{ | BQ8: {=IF(SUM(IF(E37:E44="x",$C$37:$C$44,0))=0,"},{",SUM(IF(E37:E44="x",$C$37:$C$44,0)))} -> },{ | BR8: {=IF(SUM(IF(F37:F44="x",$C$37:$C$44,0))=0,"},{",SUM(IF(F37:F44="x",$C$37:$C$44,0)))} -> },{ | BS8: {=IF(SUM(IF(G37:G44="x",$C$37:$C$44,0))=0,"},{",SUM(IF(G37:G44="x",$C$37:$C$44,0)))} -> },{ | BT8: {=IF(SUM(IF(H37:H44="x",$C$37:$C$44,0))=0,"},{",SUM(IF(H37:H44="x",$C$37:$C$44,0)))} -> },{ | BU8: {=IF(SUM(IF(I37:I44="x",$C$37:$C$44,0))=0,"},{",SUM(IF(I37:I44="x",$C$37:$C$44,0)))} -> },{ | BV8: {=IF(SUM(IF(J37:J44="x",$C$37:$C$44,0))=0,"},{",SUM(IF(J37:J44="x",$C$37:$C$44,0)))} -> },{ | BW8: {=IF(SUM(IF(K37:K44="x",$C$37:$C$44,0))=0,"},{",SUM(IF(K37:K44="x",$C$37:$C$44,0)))} -> },{ | ... DV8: {=IF(SUM(IF(BJ37:BJ44="x",$C$37:$C$44,0))=0,"},{",SUM(IF(BJ37:BJ44="x",$C$37:$C$44,0)))} -> },{ | DW8: },
C9: 4 | BN9: 61 | BO9: { | BP9: {=IF(SUM(IF(D47:D54="x",$C$47:$C$54,0))=0,"},{",SUM(IF(D47:D54="x",$C$47:$C$54,0)))} -> },{ | BQ9: {=IF(SUM(IF(E47:E54="x",$C$47:$C$54,0))=0,"},{",SUM(IF(E47:E54="x",$C$47:$C$54,0)))} -> },{ | BR9: {=IF(SUM(IF(F47:F54="x",$C$47:$C$54,0))=0,"},{",SUM(IF(F47:F54="x",$C$47:$C$54,0)))} -> },{ | BS9: {=IF(SUM(IF(G47:G54="x",$C$47:$C$54,0))=0,"},{",SUM(IF(G47:G54="x",$C$47:$C$54,0)))} -> },{ | BT9: {=IF(SUM(IF(H47:H54="x",$C$47:$C$54,0))=0,"},{",SUM(IF(H47:H54="x",$C$47:$C$54,0)))} -> },{ | BU9: {=IF(SUM(IF(I47:I54="x",$C$47:$C$54,0))=0,"},{",SUM(IF(I47:I54="x",$C$47:$C$54,0)))} -> },{ | BV9: {=IF(SUM(IF(J47:J54="x",$C$47:$C$54,0))=0,"},{",SUM(IF(J47:J54="x",$C$47:$C$54,0)))} -> },{ | BW9: {=IF(SUM(IF(K47:K54="x",$C$47:$C$54,0))=0,"},{",SUM(IF(K47:K54="x",$C$47:$C$54,0)))} -> },{ | ... DV9: {=IF(SUM(IF(BJ47:BJ54="x",$C$47:$C$54,0))=0,"},{",SUM(IF(BJ47:BJ54="x",$C$47:$C$54,0)))} -> },{ | DW9: },
C10: 3 | H10: x | K10: x | L10: x | T10: x | X10: x | AF10: x | AH10: x | AI10: x | AQ10: x | AU10: x | BC10: x | BD10: x | BF10: x | BG10: x | BH10: x | BN10: 71 | BO10: { | BP10: {=IF(SUM(IF(D57:D64="x",$C$57:$C$64,0))=0,"},{",SUM(IF(D57:D64="x",$C$57:$C$64,0)))} -> },{ | BQ10: {=IF(SUM(IF(E57:E64="x",$C$57:$C$64,0))=0,"},{",SUM(IF(E57:E64="x",$C$57:$C$64,0)))} -> },{ | BR10: {=IF(SUM(IF(F57:F64="x",$C$57:$C$64,0))=0,"},{",SUM(IF(F57:F64="x",$C$57:$C$64,0)))} -> },{ | BS10: {=IF(SUM(IF(G57:G64="x",$C$57:$C$64,0))=0,"},{",SUM(IF(G57:G64="x",$C$57:$C$64,0)))} -> },{ | BT10: {=IF(SUM(IF(H57:H64="x",$C$57:$C$64,0))=0,"},{",SUM(IF(H57:H64="x",$C$57:$C$64,0)))} -> },{ | BU10: {=IF(SUM(IF(I57:I64="x",$C$57:$C$64,0))=0,"},{",SUM(IF(I57:I64="x",$C$57:$C$64,0)))} -> },{ | BV10: {=IF(SUM(IF(J57:J64="x",$C$57:$C$64,0))=0,"},{",SUM(IF(J57:J64="x",$C$57:$C$64,0)))} -> },{ | BW10: {=IF(SUM(IF(K57:K64="x",$C$57:$C$64,0))=0,"},{",SUM(IF(K57:K64="x",$C$57:$C$64,0)))} -> },{ | ... DV10: {=IF(SUM(IF(BJ57:BJ64="x",$C$57:$C$64,0))=0,"},{",SUM(IF(BJ57:BJ64="x",$C$57:$C$64,0)))} -> },{ | DW10: },
C11: 2 | E11: x | F11: x | G11: x | J11: x | M11: x | P11: x | S11: x | V11: x | W11: x | Y11: x | AB11: x | AC11: x | AE11: x | AJ11: x | AL11: x | AP11: x | AR11: x | AT11: x | AV11: x | AZ11: x | BB11: x | BI11: x | BN11: 81 | BO11: { | BP11: {=IF(SUM(IF(D67:D78="x",$C$67:$C$78,0))=0,"},{",SUM(IF(D67:D78="x",$C$67:$C$78,0)))} -> },{ | BQ11: {=IF(SUM(IF(E67:E78="x",$C$67:$C$78,0))=0,"},{",SUM(IF(E67:E78="x",$C$67:$C$78,0)))} -> },{ | BR11: {=IF(SUM(IF(F67:F78="x",$C$67:$C$78,0))=0,"},{",SUM(IF(F67:F78="x",$C$67:$C$78,0)))} -> },{ | BS11: {=IF(SUM(IF(G67:G78="x",$C$67:$C$78,0))=0,"},{",SUM(IF(G67:G78="x",$C$67:$C$78,0)))} -> },{ | BT11: {=IF(SUM(IF(H67:H78="x",$C$67:$C$78,0))=0,"},{",SUM(IF(H67:H78="x",$C$67:$C$78,0)))} -> },{ | BU11: {=IF(SUM(IF(I67:I78="x",$C$67:$C$78,0))=0,"},{",SUM(IF(I67:I78="x",$C$67:$C$78,0)))} -> },{ | BV11: {=IF(SUM(IF(J67:J78="x",$C$67:$C$78,0))=0,"},{",SUM(IF(J67:J78="x",$C$67:$C$78,0)))} -> },{ | BW11: {=IF(SUM(IF(K67:K78="x",$C$67:$C$78,0))=0,"},{",SUM(IF(K67:K78="x",$C$67:$C$78,0)))} -> },{ | ... DV11: {=IF(SUM(IF(BJ67:BJ78="x",$C$67:$C$78,0))=0,"},{",SUM(IF(BJ67:BJ78="x",$C$67:$C$78,0)))} -> },{ | DW11: },
C12: 1 | D12: x | N12: x | Q12: x | R12: x | Z12: x | AD12: x | AK12: x | AN12: x | AO12: x | AW12: x | AX12: x | BA12: x | BJ12: x | BN12: 91 | BO12: { | BP12: {=IF(SUM(IF(D81:D92="x",$C$81:$C$92,0))=0,"},{",SUM(IF(D81:D92="x",$C$81:$C$92,0)))} -> },{ | BQ12: {=IF(SUM(IF(E81:E92="x",$C$81:$C$92,0))=0,"},{",SUM(IF(E81:E92="x",$C$81:$C$92,0)))} -> },{ | BR12: {=IF(SUM(IF(F81:F92="x",$C$81:$C$92,0))=0,"},{",SUM(IF(F81:F92="x",$C$81:$C$92,0)))} -> },{ | BS12: {=IF(SUM(IF(G81:G92="x",$C$81:$C$92,0))=0,"},{",SUM(IF(G81:G92="x",$C$81:$C$92,0)))} -> },{ | BT12: {=IF(SUM(IF(H81:H92="x",$C$81:$C$92,0))=0,"},{",SUM(IF(H81:H92="x",$C$81:$C$92,0)))} -> },{ | BU12: {=IF(SUM(IF(I81:I92="x",$C$81:$C$92,0))=0,"},{",SUM(IF(I81:I92="x",$C$81:$C$92,0)))} -> },{ | BV12: {=IF(SUM(IF(J81:J92="x",$C$81:$C$92,0))=0,"},{",SUM(IF(J81:J92="x",$C$81:$C$92,0)))} -> },{ | BW12: {=IF(SUM(IF(K81:K92="x",$C$81:$C$92,0))=0,"},{",SUM(IF(K81:K92="x",$C$81:$C$92,0)))} -> },{ | ... DV12: {=IF(SUM(IF(BJ81:BJ92="x",$C$81:$C$92,0))=0,"},{",SUM(IF(BJ81:BJ92="x",$C$81:$C$92,0)))} -> },{ | DW12: },
BN13: 101 | BO13: { | BP13: {=IF(SUM(IF(D95:D106="x",$C$95:$C$106,0))=0,"},{",SUM(IF(D95:D106="x",$C$95:$C$106,0)))} -> },{ | BQ13: {=IF(SUM(IF(E95:E106="x",$C$95:$C$106,0))=0,"},{",SUM(IF(E95:E106="x",$C$95:$C$106,0)))} -> },{ | BR13: {=IF(SUM(IF(F95:F106="x",$C$95:$C$106,0))=0,"},{",SUM(IF(F95:F106="x",$C$95:$C$106,0)))} -> },{ | BS13: {=IF(SUM(IF(G95:G106="x",$C$95:$C$106,0))=0,"},{",SUM(IF(G95:G106="x",$C$95:$C$106,0)))} -> },{ | BT13: {=IF(SUM(IF(H95:H106="x",$C$95:$C$106,0))=0,"},{",SUM(IF(H95:H106="x",$C$95:$C$106,0)))} -> },{ | BU13: {=IF(SUM(IF(I95:I106="x",$C$95:$C$106,0))=0,"},{",SUM(IF(I95:I106="x",$C$95:$C$106,0)))} -> },{ | BV13: {=IF(SUM(IF(J95:J106="x",$C$95:$C$106,0))=0,"},{",SUM(IF(J95:J106="x",$C$95:$C$106,0)))} -> },{ | BW13: {=IF(SUM(IF(K95:K106="x",$C$95:$C$106,0))=0,"},{",SUM(IF(K95:K106="x",$C$95:$C$106,0)))} -> },{ | ... DV13: {=IF(SUM(IF(BJ95:BJ106="x",$C$95:$C$106,0))=0,"},{",SUM(IF(BJ95:BJ106="x",$C$95:$C$106,0)))} -> },{ | DW13: },
D14: 21 | J14: 22 | P14: 23 | V14: 24 | AB14: 25 | AH14: 26 | AN14: 27 | AT14: 28 | AZ14: 29 | BF14: 30 | BN14: 111 | BO14: { | BP14: {=IF(SUM(IF(D109:D120="x",$C$109:$C$120,0))=0,"},{",SUM(IF(D109:D120="x",$C$109:$C$120,0)))} -> },{ | BQ14: {=IF(SUM(IF(E109:E120="x",$C$109:$C$120,0))=0,"},{",SUM(IF(E109:E120="x",$C$109:$C$120,0)))} -> },{ | BR14: {=IF(SUM(IF(F109:F120="x",$C$109:$C$120,0))=0,"},{",SUM(IF(F109:F120="x",$C$109:$C$120,0)))} -> },{ | BS14: {=IF(SUM(IF(G109:G120="x",$C$109:$C$120,0))=0,"},{",SUM(IF(G109:G120="x",$C$109:$C$120,0)))} -> },{ | BT14: {=IF(SUM(IF(H109:H120="x",$C$109:$C$120,0))=0,"},{",SUM(IF(H109:H120="x",$C$109:$C$120,0)))} -> },{ | BU14: {=IF(SUM(IF(I109:I120="x",$C$109:$C$120,0))=0,"},{",SUM(IF(I109:I120="x",$C$109:$C$120,0)))} -> },{ | BV14: {=IF(SUM(IF(J109:J120="x",$C$109:$C$120,0))=0,"},{",SUM(IF(J109:J120="x",$C$109:$C$120,0)))} -> },{ | BW14: {=IF(SUM(IF(K109:K120="x",$C$109:$C$120,0))=0,"},{",SUM(IF(K109:K120="x",$C$109:$C$120,0)))} -> },{ | ... DV14: {=IF(SUM(IF(BJ109:BJ120="x",$C$109:$C$120,0))=0,"},{",SUM(IF(BJ109:BJ120="x",$C$109:$C$120,0)))} -> },{ | DW14: },
C15: 4
C16: 3 | H16: x | J16: x | R16: x | S16: x | T16: x | V16: x | X16: x | Z16: x | AC16: x | AE16: x | AN16: x | AR16: x | AU16: x | AV16: x | AW16: x | BF16: x | BH16: x
C17: 2 | G17: x | K17: x | Q17: x | W17: x | Y17: x | AB17: x | AD17: x | AF17: x | AI17: x | AJ17: x | AK17: x | AO17: x | AP17: x | AQ17: x | AT17: x | AX17: x | AZ17: x | BD17: x | BG17: x | BI17: x
C18: 1 | D18: x | E18: x | F18: x | L18: x | M18: x | N18: x | P18: x | AH18: x | AL18: x | BA18: x | BB18: x | BC18: x | BJ18: x
D20: 31 | J20: 32 | P20: 33 | V20: 34 | AB20: 35 | AH20: 36 | AN20: 37 | AT20: 38 | AZ20: 39 | BF20: 40
C21: 4
C22: 3
C23: 2
C24: 1
D26: 41 | J26: 42 | P26: 43 | V26: 44 | AB26: 45 | AH26: 46 | AN26: 47 | AT26: 48 | AZ26: 49 | BF26: 50
C27: 8
C28: 7
C29: 6
C30: 5
C31: 4
C32: 3
C33: 2
C34: 1
D36: 51 | J36: 52 | P36: 53 | V36: 54 | AB36: 55 | AH36: 56 | AN36: 57 | AT36: 58 | AZ36: 59 | BF36: 60
C37: 8
C38: 7
C39: 6
C40: 5
C41: 4
C42: 3
C43: 2 | DW43: =IF((IF(BL27="x",5,0)+IF(BL28="x",4,0)+IF(BL29="x",3,0)+IF(BL30="x",2,0)+IF(BL31="x",1,0))=0,"",(IF(BL27="x",5,0)+IF(BL28="x",4,0)+IF(BL29="x",3,0)+IF(BL30="x",2,0)+IF(BL31="x",1,0))) | DX43: =IF((IF(BM27="x",5,0)+IF(BM28="x",4,0)+IF(BM29="x",3,0)+IF(BM30="x",2,0)+IF(BM31="x",1,0))=0,"",(IF(BM27="x",5,0)+IF(BM28="x",4,0)+IF(BM29="x",3,0)+IF(BM30="x",2,0)+IF(BM31="x",1,0))) | DY43: =IF((IF(BN27="x",5,0)+IF(BN28="x",4,0)+IF(BN29="x",3,0)+IF(BN30="x",2,0)+IF(BN31="x",1,0))=0,"",(IF(BN27="x",5,0)+IF(BN28="x",4,0)+IF(BN29="x",3,0)+IF(BN30="x",2,0)+IF(BN31="x",1,0))) | DZ43: =IF((IF(BO27="x",5,0)+IF(BO28="x",4,0)+IF(BO29="x",3,0)+IF(BO30="x",2,0)+IF(BO31="x",1,0))=0,"",(IF(BO27="x",5,0)+IF(BO28="x",4,0)+IF(BO29="x",3,0)+IF(BO30="x",2,0)+IF(BO31="x",1,0))) | EA43: =IF((IF(BP27="x",5,0)+IF(BP28="x",4,0)+IF(BP29="x",3,0)+IF(BP30="x",2,0)+IF(BP31="x",1,0))=0,"",(IF(BP27="x",5,0)+IF(BP28="x",4,0)+IF(BP29="x",3,0)+IF(BP30="x",2,0)+IF(BP31="x",1,0))) | EB43: =IF((IF(BQ27="x",5,0)+IF(BQ28="x",4,0)+IF(BQ29="x",3,0)+IF(BQ30="x",2,0)+IF(BQ31="x",1,0))=0,"",(IF(BQ27="x",5,0)+IF(BQ28="x",4,0)+IF(BQ29="x",3,0)+IF(BQ30="x",2,0)+IF(BQ31="x",1,0))) | EC43: =IF((IF(BR27="x",5,0)+IF(BR28="x",4,0)+IF(BR29="x",3,0)+IF(BR30="x",2,0)+IF(BR31="x",1,0))=0,"",(IF(BR27="x",5,0)+IF(BR28="x",4,0)+IF(BR29="x",3,0)+IF(BR30="x",2,0)+IF(BR31="x",1,0))) | ED43: =IF((IF(BS27="x",5,0)+IF(BS28="x",4,0)+IF(BS29="x",3,0)+IF(BS30="x",2,0)+IF(BS31="x",1,0))=0,"",(IF(BS27="x",5,0)+IF(BS28="x",4,0)+IF(BS29="x",3,0)+IF(BS30="x",2,0)+IF(BS31="x",1,0))) | ... EJ43: =IF((IF(BY27="x",5,0)+IF(BY28="x",4,0)+IF(BY29="x",3,0)+IF(BY30="x",2,0)+IF(BY31="x",1,0))=0,"",(IF(BY27="x",5,0)+IF(BY28="x",4,0)+IF(BY29="x",3,0)+IF(BY30="x",2,0)+IF(BY31="x",1,0)))
C44: 1
D46: 61 | J46: 62 | P46: 63 | V46: 64 | AB46: 65 | AH46: 66 | AN46: 67 | AT46: 68 | AZ46: 69 | BF46: 70
C47: 8
C48: 7
C49: 6
C50: 5
C51: 4
C52: 3
C53: 2
C54: 1
D56: 71 | J56: 72 | P56: 73 | V56: 74 | AB56: 75 | AH56: 76 | AN56: 77 | AT56: 78 | AZ56: 79 | BF56: 80
C57: 8
C58: 7
C59: 6
C60: 5
C61: 4
C62: 3
C63: 2
C64: 1
D66: 81 | J66: 82 | P66: 83 | V66: 84 | AB66: 85 | AH66: 86 | AN66: 87 | AT66: 88 | AZ66: 89 | BF66: 90
C67: 12
C68: 11
C69: 10
C70: 9
C71: 8
C72: 7
C73: 6
C74: 5
C75: 4
C76: 3
C77: 2
C78: 1
D80: 91 | J80: 92 | P80: 93 | V80: 94 | AB80: 95 | AH80: 96 | AN80: 97 | AT80: 98 | AZ80: 99 | BF80: 100
C81: 12
C82: 11
C83: 10
C84: 9
C85: 8
C86: 7
C87: 6
C88: 5
C89: 4
C90: 3
C91: 2
C92: 1
D94: 101 | J94: 102 | P94: 103 | V94: 104 | AB94: 105 | AH94: 106 | AN94: 107 | AT94: 108 | AZ94: 109 | BF94: 110
C95: 12
C96: 11
C97: 10
C98: 9
C99: 8
C100: 7
C101: 6
C102: 5
C103: 4
C104: 3
C105: 2
C106: 1
D108: 111 | J108: 112 | P108: 113 | V108: 114 | AB108: 115 | AH108: 116 | AN108: 117 | AT108: 118 | AZ108: 119 | BF108: 120
C109: 12
C110: 11
...

Sheet Pay Table
A2: Bet | B2: =100/G2 -> 2 | C2: For 1 Multiplier | F2: Lines: | G2: 50
M3: Dictionary | N3: ID | O3: Lua ID | P3: DoubleID | R3: Scatter Num | S3: 1 | T3: 2 | U3: 3 | V3: 4 | W3: 5 | X3: 6
B4: Pay Table | M4: M1 | N4: 0 | O4: 1 | P4: =N4+200 -> 200 | R4: BASE | S4: 0 | T4: 0 | U4: 6 | V4: 8 | W4: 10 | X4: 12
B5: Symbol | C5: 2 | D5: 3 | E5: 4 | F5: 5 | G5: 6 | H5: 7 | I5: 8 | J5: 9 | K5: 10 | M5: M2 | N5: 1 | O5: 2 | P5: =N5+200 -> 201 | R5: FREE | S5: 0 | T5: 0 | U5: 0 | V5: 0 | W5: 0 | X5: 0
B6: WILD | C6: 0 | D6: 0 | E6: 0 | F6: 0 | G6: 0 | H6: 0 | I6: 0 | J6: 0 | K6: 0 | M6: M3 | N6: 2 | O6: 3 | P6: =N6+200 -> 202
B7: M1 | C7: 0 | D7: 5 | E7: 15 | F7: 50 | G7: 100 | H7: 200 | I7: 500 | J7: 750 | K7: 1000 | M7: M4 | N7: 3 | O7: 4 | P7: =N7+200 -> 203
B8: M2 | C8: 0 | D8: 5 | E8: 15 | F8: 50 | G8: 100 | H8: 200 | I8: 500 | J8: 750 | K8: 1000 | M8: M5 | N8: 4 | O8: 5 | P8: =N8+200 -> 204
B9: M3 | C9: 0 | D9: 5 | E9: 10 | F9: 25 | G9: 50 | H9: 100 | I9: 200 | J9: 300 | K9: 500 | M9: A | N9: 5 | O9: 6 | P9: =N9 -> 5
B10: M4 | C10: 0 | D10: 5 | E10: 10 | F10: 25 | G10: 50 | H10: 100 | I10: 200 | J10: 300 | K10: 500 | M10: K | N10: 6 | O10: 7 | P10: =N10 -> 6
B11: M5 | C11: 0 | D11: 5 | E11: 10 | F11: 25 | G11: 50 | H11: 100 | I11: 200 | J11: 300 | K11: 500 | M11: Q | N11: 7 | O11: 8 | P11: =N11 -> 7
B12: A | C12: 0 | D12: 2 | E12: 5 | F12: 20 | G12: 30 | H12: 50 | I12: 75 | J12: 100 | K12: 0 | M12: J | N12: 8 | O12: 9 | P12: =N12 -> 8
B13: K | C13: 0 | D13: 2 | E13: 5 | F13: 20 | G13: 30 | H13: 50 | I13: 75 | J13: 100 | K13: 0 | M13: SCATTER | N13: 90 | O13: "s" | P13: 290
B14: Q | C14: 0 | D14: 2 | E14: 5 | F14: 20 | G14: 30 | H14: 50 | I14: 75 | J14: 100 | K14: 0 | M14: LINK | N14: 94 | O14: "v" | P14: =N14+200 -> 294
B15: J | C15: 0 | D15: 2 | E15: 5 | F15: 20 | G15: 30 | H15: 50 | I15: 75 | J15: 100 | K15: 0 | M15: WILD | N15: 92 | O15: "w" | P15: =N15+200 -> 292
B16: SCATTER | C16: 0 | D16: 100 | E16: 200 | F16: 300 | G16: 500 | H16: 0 | I16: 0 | J16: 0 | K16: 0 | M16: SPILT | N16: 95 | P16: 95
B17: LINK | C17: 0 | D17: 0 | E17: 0 | F17: 0 | G17: 0 | H17: 0 | I17: 0 | J17: 0 | K17: 0
D19: 1 | E19: 2 | F19: 3 | G19: 5
C21: =C7/100 -> 0 | D21: =D7/100 -> 0.05 | E21: =E7/100 -> 0.15 | F21: =F7/100 -> 0.5 | G21: =G7/100 -> 1 | H21: =H7/100 -> 2 | I21: =I7/100 -> 5 | J21: =J7/100 -> 7.5 | K21: =K7/100 -> 10
C22: =C8/100 -> 0 | D22: =D8/100 -> 0.05 | E22: =E8/100 -> 0.15 | F22: =F8/100 -> 0.5 | G22: =G8/100 -> 1 | H22: =H8/100 -> 2 | I22: =I8/100 -> 5 | J22: =J8/100 -> 7.5 | K22: =K8/100 -> 10
C23: =C9/100 -> 0 | D23: =D9/100 -> 0.05 | E23: =E9/100 -> 0.1 | F23: =F9/100 -> 0.25 | G23: =G9/100 -> 0.5 | H23: =H9/100 -> 1 | I23: =I9/100 -> 2 | J23: =J9/100 -> 3 | K23: =K9/100 -> 5
C24: =C10/100 -> 0 | D24: =D10/100 -> 0.05 | E24: =E10/100 -> 0.1 | F24: =F10/100 -> 0.25 | G24: =G10/100 -> 0.5 | H24: =H10/100 -> 1 | I24: =I10/100 -> 2 | J24: =J10/100 -> 3 | K24: =K10/100 -> 5
C25: =C11/100 -> 0 | D25: =D11/100 -> 0.05 | E25: =E11/100 -> 0.1 | F25: =F11/100 -> 0.25 | G25: =G11/100 -> 0.5 | H25: =H11/100 -> 1 | I25: =I11/100 -> 2 | J25: =J11/100 -> 3 | K25: =K11/100 -> 5
C26: =C12/100 -> 0 | D26: =D12/100 -> 0.02 | E26: =E12/100 -> 0.05 | F26: =F12/100 -> 0.2 | G26: =G12/100 -> 0.3 | H26: =H12/100 -> 0.5 | I26: =I12/100 -> 0.75 | J26: =J12/100 -> 1 | K26: =K12/100 -> 0
C27: =C13/100 -> 0 | D27: =D13/100 -> 0.02 | E27: =E13/100 -> 0.05 | F27: =F13/100 -> 0.2 | G27: =G13/100 -> 0.3 | H27: =H13/100 -> 0.5 | I27: =I13/100 -> 0.75 | J27: =J13/100 -> 1 | K27: =K13/100 -> 0
J29: 500 | K29: =2500 -> 2500
J30: =J29/5 -> 100 | K30: =K29/J29 -> 5

Sheet Base Game 
A2: Reel Strip
B3: Reel1 | D3: Reel2 | F3: Reel3 | H3: Reel4 | J3: Reel5 | N3: ReelRow | O3: 3 | P3: 3 | Q3: 3 | R3: 3 | S3: 3 | BB3: , | BC3: [ | BD3: ]
B4: =LOOKUP(COUNTA(B$6:B$291)-1,$A$6:$A$291,B$6:B$291) -> M3 | C4: =LOOKUP(COUNTA(C$6:C$291)-1,$A$6:$A$291,C$6:C$291) -> 100 | D4: =LOOKUP(COUNTA(D$6:D$291)-1,$A$6:$A$291,D$6:D$291) -> M3 | E4: =LOOKUP(COUNTA(E$6:E$291)-1,$A$6:$A$291,E$6:E$291) -> 100 | F4: =LOOKUP(COUNTA(F$6:F$291)-1,$A$6:$A$291,F$6:F$291) -> LINK | G4: =LOOKUP(COUNTA(G$6:G$291)-1,$A$6:$A$291,G$6:G$291) -> 50 | H4: =LOOKUP(COUNTA(H$6:H$291)-1,$A$6:$A$291,H$6:H$291) -> K | I4: =LOOKUP(COUNTA(I$6:I$291)-1,$A$6:$A$291,I$6:I$291) -> 100 | ... K4: =LOOKUP(COUNTA(K$6:K$291)-1,$A$6:$A$291,K$6:K$291) -> 100 | BB4: =IFERROR($BC$3&VLOOKUP(B6,'Pay Table'!$M$3:$N$18,2,FALSE)&$BB$3&C6&$BD$3,"") -> [3,100] | BC4: =IFERROR($BC$3&VLOOKUP(D6,'Pay Table'!$M$3:$N$18,2,FALSE)&$BB$3&E6&$BD$3,"") -> [1,100] | BD4: =IFERROR($BC$3&VLOOKUP(F6,'Pay Table'!$M$3:$N$18,2,FALSE)&$BB$3&G6&$BD$3,"") -> [0,100] | BE4: =IFERROR($BC$3&VLOOKUP(H6,'Pay Table'!$M$3:$N$18,2,FALSE)&$BB$3&I6&$BD$3,"") -> [1,100] | BF4: =IFERROR($BC$3&VLOOKUP(J6,'Pay Table'!$M$3:$N$18,2,FALSE)&$BB$3&K6&$BD$3,"") -> [3,100] | BG4: =IFERROR($BC$3&VLOOKUP(G6,'Pay Table'!$M$3:$N$18,2,FALSE)&$BB$3&H6&$BD$3,"") | BI4: =IFERROR($BC$3&VLOOKUP(I6,'Pay Table'!$M$3:$N$18,2,FALSE)&$BB$3&J6&$BD$3,"") | BK4: =IFERROR($BC$3&VLOOKUP(K6,'Pay Table'!$M$3:$N$18,2,FALSE)&$BB$3&L6&$BD$3,"") | BL4: =IFERROR($BC$3&VLOOKUP(L6,'Pay Table'!$M$3:$N$18,2,FALSE)&$BB$3&M6&$BD$3,"")
B5: =LOOKUP(COUNTA(B$6:B$291),$A$6:$A$291,B$6:B$291) -> M4 | C5: =LOOKUP(COUNTA(C$6:C$291),$A$6:$A$291,C$6:C$291) -> 100 | D5: =LOOKUP(COUNTA(D$6:D$291),$A$6:$A$291,D$6:D$291) -> J | E5: =LOOKUP(COUNTA(E$6:E$291),$A$6:$A$291,E$6:E$291) -> 100 | F5: =LOOKUP(COUNTA(F$6:F$291),$A$6:$A$291,F$6:F$291) -> K | G5: =LOOKUP(COUNTA(G$6:G$291),$A$6:$A$291,G$6:G$291) -> 100 | H5: =LOOKUP(COUNTA(H$6:H$291),$A$6:$A$291,H$6:H$291) -> M2 | I5: =LOOKUP(COUNTA(I$6:I$291),$A$6:$A$291,I$6:I$291) -> 100 | ... K5: =LOOKUP(COUNTA(K$6:K$291),$A$6:$A$291,K$6:K$291) -> 100 | O5: 1 | P5: 2 | Q5: 3 | R5: 4 | S5: 5 | V5: 1 | W5: 2 | X5: 3 | Y5: 4 | Z5: 5 | BB5: =IFERROR($BC$3&VLOOKUP(B7,'Pay Table'!$M$3:$N$18,2,FALSE)&$BB$3&C7&$BD$3,"") -> [2,100] | BC5: =IFERROR($BC$3&VLOOKUP(D7,'Pay Table'!$M$3:$N$18,2,FALSE)&$BB$3&E7&$BD$3,"") -> [7,100] | BD5: =IFERROR($BC$3&VLOOKUP(F7,'Pay Table'!$M$3:$N$18,2,FALSE)&$BB$3&G7&$BD$3,"") -> [0,100] | BE5: =IFERROR($BC$3&VLOOKUP(H7,'Pay Table'!$M$3:$N$18,2,FALSE)&$BB$3&I7&$BD$3,"") -> [1,100] | BF5: =IFERROR($BC$3&VLOOKUP(J7,'Pay Table'!$M$3:$N$18,2,FALSE)&$BB$3&K7&$BD$3,"") -> [6,100]
A6: 1 | B6: M4 | C6: 100 | D6: M2 | E6: 100 | F6: M1 | G6: 100 | H6: M2 | I6: 100 | J6: M4 | K6: 100 | N6: ='Pay Table'!B17 -> LINK | O6: {=SUM(IF(B$6:B$289=$N6,1,0)*(C$6:C$289+C$5:C$288+C$4:C$287)/O$3)} -> 315 | P6: {=SUM(IF(D$6:D$289=$N6,1,0)*(E$6:E$289+E$5:E$288+E$4:E$287)/P$3)} -> 315 | Q6: {=SUM(IF(F$6:F$289=$N6,1,0)*(G$6:G$289+G$5:G$288+G$4:G$287)/Q$3)} -> 315 | R6: {=SUM(IF(H$6:H$289=$N6,1,0)*(I$6:I$289+I$5:I$288+I$4:I$287)/R$3)} -> 315 | S6: {=SUM(IF(J$6:J$289=$N6,1,0)*(K$6:K$289+K$5:K$288+K$4:K$287)/S$3)} -> 315 | U6: =N6 -> LINK | W6: =O29/$O$23 -> 0.012160351 | X6: =P29/$O$23 -> 0.0027422629 | Y6: =Q29/$O$23 -> 0.0003886133 | Z6: =R29/$O$23 -> 0.0001170522 | BB6: =IFERROR($BC$3&VLOOKUP(B8,'Pay Table'!$M$3:$N$18,2,FALSE)&$BB$3&C8&$BD$3,"") -> [5,100] | BC6: =IFERROR($BC$3&VLOOKUP(D8,'Pay Table'!$M$3:$N$18,2,FALSE)&$BB$3&E8&$BD$3,"") -> [92,100] | BD6: =IFERROR($BC$3&VLOOKUP(F8,'Pay Table'!$M$3:$N$18,2,FALSE)&$BB$3&G8&$BD$3,"") -> [0,100] | BE6: =IFERROR($BC$3&VLOOKUP(H8,'Pay Table'!$M$3:$N$18,2,FALSE)&$BB$3&I8&$BD$3,"") -> [7,100] | BF6: =IFERROR($BC$3&VLOOKUP(J8,'Pay Table'!$M$3:$N$18,2,FALSE)&$BB$3&K8&$BD$3,"") -> [94,15]
A7: 2 | B7: M3 | C7: 100 | D7: Q | E7: 100 | F7: M1 | G7: 100 | H7: M2 | I7: 100 | J7: K | K7: 100 | N7: ='Pay Table'!B6 -> WILD | O7: {=SUM(IF(B$6:B$289=$N7,1,0)*(C$6:C$289+C$5:C$288+C$4:C$287)/O$3)} -> 0 | P7: {=SUM(IF(D$6:D$289=$N7,1,0)*(E$6:E$289+E$5:E$288+E$4:E$287)/P$3)} -> 333.33333 | Q7: {=SUM(IF(F$6:F$289=$N7,1,0)*(G$6:G$289+G$5:G$288+G$4:G$287)/Q$3)} -> 300 | R7: {=SUM(IF(H$6:H$289=$N7,1,0)*(I$6:I$289+I$5:I$288+I$4:I$287)/R$3)} -> 300 | S7: {=SUM(IF(J$6:J$289=$N7,1,0)*(K$6:K$289+K$5:K$288+K$4:K$287)/S$3)} -> 300 | U7: =N7 -> WILD | W7: =O30/$O$23 -> 0.012427728 | X7: =P30/$O$23 -> 0.0021914555 | Y7: =Q30/$O$23 -> 0.00036118176 | Z7: =R30/$O$23 -> 9.2951189e-05 | BB7: =IFERROR($BC$3&VLOOKUP(B9,'Pay Table'!$M$3:$N$18,2,FALSE)&$BB$3&C9&$BD$3,"") -> [94,15] | BC7: =IFERROR($BC$3&VLOOKUP(D9,'Pay Table'!$M$3:$N$18,2,FALSE)&$BB$3&E9&$BD$3,"") -> [5,140] | BD7: =IFERROR($BC$3&VLOOKUP(F9,'Pay Table'!$M$3:$N$18,2,FALSE)&$BB$3&G9&$BD$3,"") -> [5,140] | BE7: =IFERROR($BC$3&VLOOKUP(H9,'Pay Table'!$M$3:$N$18,2,FALSE)&$BB$3&I9&$BD$3,"") -> [8,100] | BF7: =IFERROR($BC$3&VLOOKUP(J9,'Pay Table'!$M$3:$N$18,2,FALSE)&$BB$3&K9&$BD$3,"") -> [94,25]
A8: 3 | B8: A | C8: 100 | D8: WILD | E8: 100 | F8: M1 | G8: 100 | H8: Q | I8: 100 | J8: LINK | K8: 15 | N8: ='Pay Table'!B7 -> M1 | O8: {=SUM(IF(B$6:B$289=$N8,1,0)*(C$6:C$289+C$5:C$288+C$4:C$287)/O$3)} -> 700 | P8: {=SUM(IF(D$6:D$289=$N8,1,0)*(E$6:E$289+E$5:E$288+E$4:E$287)/P$3)} -> 433.33333 | Q8: {=SUM(IF(F$6:F$289=$N8,1,0)*(G$6:G$289+G$5:G$288+G$4:G$287)/Q$3)} -> 915 | R8: {=SUM(IF(H$6:H$289=$N8,1,0)*(I$6:I$289+I$5:I$288+I$4:I$287)/R$3)} -> 1000 | S8: {=SUM(IF(J$6:J$289=$N8,1,0)*(K$6:K$289+K$5:K$288+K$4:K$287)/S$3)} -> 1283.3333 | U8: =N8 -> M1 | W8: =O31/$O$23 -> 0.02153057 | X8: =P31/$O$23 -> 0.0019753221 | Y8: =Q31/$O$23 -> 0.00015960826 | Z8: =R31/$O$23 -> 2.1140167e-05 | BB8: =IFERROR($BC$3&VLOOKUP(B10,'Pay Table'!$M$3:$N$18,2,FALSE)&$BB$3&C10&$BD$3,"") -> [94,25] | BC8: =IFERROR($BC$3&VLOOKUP(D10,'Pay Table'!$M$3:$N$18,2,FALSE)&$BB$3&E10&$BD$3,"") -> [90,144] | BD8: =IFERROR($BC$3&VLOOKUP(F10,'Pay Table'!$M$3:$N$18,2,FALSE)&$BB$3&G10&$BD$3,"") -> [90,144] | BE8: =IFERROR($BC$3&VLOOKUP(H10,'Pay Table'!$M$3:$N$18,2,FALSE)&$BB$3&I10&$BD$3,"") -> [5,100] | BF8: =IFERROR($BC$3&VLOOKUP(J10,'Pay Table'!$M$3:$N$18,2,FALSE)&$BB$3&K10&$BD$3,"") -> [94,50]
A9: 4 | B9: LINK | C9: 15 | D9: A | E9: 140 | F9: A | G9: 140 | H9: J | I9: 100 | J9: LINK | K9: 25 | N9: ='Pay Table'!B8 -> M2 | O9: {=SUM(IF(B$6:B$289=$N9,1,0)*(C$6:C$289+C$5:C$288+C$4:C$287)/O$3)} -> 500 | P9: {=SUM(IF(D$6:D$289=$N9,1,0)*(E$6:E$289+E$5:E$288+E$4:E$287)/P$3)} -> 716.66667 | Q9: {=SUM(IF(F$6:F$289=$N9,1,0)*(G$6:G$289+G$5:G$288+G$4:G$287)/Q$3)} -> 711.66667 | R9: {=SUM(IF(H$6:H$289=$N9,1,0)*(I$6:I$289+I$5:I$288+I$4:I$287)/R$3)} -> 1133.3333 | S9: {=SUM(IF(J$6:J$289=$N9,1,0)*(K$6:K$289+K$5:K$288+K$4:K$287)/S$3)} -> 1100 | U9: =N9 -> M2 | W9: =O32/$O$23 -> 0.011137091 | X9: =P32/$O$23 -> 0.0015978173 | Y9: =Q32/$O$23 -> 0.00017159402 | Z9: =R32/$O$23 -> 2.5446231e-05 | BB9: =IFERROR($BC$3&VLOOKUP(B11,'Pay Table'!$M$3:$N$18,2,FALSE)&$BB$3&C11&$BD$3,"") -> [94,50] | BC9: =IFERROR($BC$3&VLOOKUP(D11,'Pay Table'!$M$3:$N$18,2,FALSE)&$BB$3&E11&$BD$3,"") -> [6,100] | BD9: =IFERROR($BC$3&VLOOKUP(F11,'Pay Table'!$M$3:$N$18,2,FALSE)&$BB$3&G11&$BD$3,"") -> [8,100] | BE9: =IFERROR($BC$3&VLOOKUP(H11,'Pay Table'!$M$3:$N$18,2,FALSE)&$BB$3&I11&$BD$3,"") -> [3,100] | BF9: =IFERROR($BC$3&VLOOKUP(J11,'Pay Table'!$M$3:$N$18,2,FALSE)&$BB$3&K11&$BD$3,"") -> [7,100]
A10: 5 | B10: LINK | C10: 25 | D10: SCATTER | E10: 144 | F10: SCATTER | G10: 144 | H10: A | I10: 100 | J10: LINK | K10: 50 | N10: ='Pay Table'!B9 -> M3 | O10: {=SUM(IF(B$6:B$289=$N10,1,0)*(C$6:C$289+C$5:C$288+C$4:C$287)/O$3)} -> 900 | P10: {=SUM(IF(D$6:D$289=$N10,1,0)*(E$6:E$289+E$5:E$288+E$4:E$287)/P$3)} -> 583.33333 | Q10: {=SUM(IF(F$6:F$289=$N10,1,0)*(G$6:G$289+G$5:G$288+G$4:G$287)/Q$3)} -> 224.66667 | R10: {=SUM(IF(H$6:H$289=$N10,1,0)*(I$6:I$289+I$5:I$288+I$4:I$287)/R$3)} -> 400 | S10: {=SUM(IF(J$6:J$289=$N10,1,0)*(K$6:K$289+K$5:K$288+K$4:K$287)/S$3)} -> 500 | U10: =N10 -> M3 | W10: =O33/$O$23 -> 0.019470155 | X10: =P33/$O$23 -> 0.0019822628 | Y10: =Q33/$O$23 -> 0.00025130473 | Z10: =R33/$O$23 -> 2.8650376e-05 | BB10: =IFERROR($BC$3&VLOOKUP(B12,'Pay Table'!$M$3:$N$18,2,FALSE)&$BB$3&C12&$BD$3,"") -> [5,100] | BC10: =IFERROR($BC$3&VLOOKUP(D12,'Pay Table'!$M$3:$N$18,2,FALSE)&$BB$3&E12&$BD$3,"") -> [4,100] | BD10: =IFERROR($BC$3&VLOOKUP(F12,'Pay Table'!$M$3:$N$18,2,FALSE)&$BB$3&G12&$BD$3,"") -> [2,100] | BE10: =IFERROR($BC$3&VLOOKUP(H12,'Pay Table'!$M$3:$N$18,2,FALSE)&$BB$3&I12&$BD$3,"") -> [3,100] | BF10: =IFERROR($BC$3&VLOOKUP(J12,'Pay Table'!$M$3:$N$18,2,FALSE)&$BB$3&K12&$BD$3,"") -> [0,100]
A11: 6 | B11: LINK | C11: 50 | D11: K | E11: 100 | F11: J | G11: 100 | H11: M4 | I11: 100 | J11: Q | K11: 100 | N11: ='Pay Table'!B10 -> M4 | O11: {=SUM(IF(B$6:B$289=$N11,1,0)*(C$6:C$289+C$5:C$288+C$4:C$287)/O$3)} -> 783.33333 | P11: {=SUM(IF(D$6:D$289=$N11,1,0)*(E$6:E$289+E$5:E$288+E$4:E$287)/P$3)} -> 241.66667 | Q11: {=SUM(IF(F$6:F$289=$N11,1,0)*(G$6:G$289+G$5:G$288+G$4:G$287)/Q$3)} -> 500 | R11: {=SUM(IF(H$6:H$289=$N11,1,0)*(I$6:I$289+I$5:I$288+I$4:I$287)/R$3)} -> 616.66667 | S11: {=SUM(IF(J$6:J$289=$N11,1,0)*(K$6:K$289+K$5:K$288+K$4:K$287)/S$3)} -> 583.33333 | U11: =N11 -> M4 | W11: =O34/$O$23 -> 0.012079981 | X11: =P34/$O$23 -> 0.0014769363 | Y11: =Q34/$O$23 -> 0.00020573097 | Z11: =R34/$O$23 -> 2.3454671e-05 | BB11: =IFERROR($BC$3&VLOOKUP(B13,'Pay Table'!$M$3:$N$18,2,FALSE)&$BB$3&C13&$BD$3,"") -> [7,100] | BC11: =IFERROR($BC$3&VLOOKUP(D13,'Pay Table'!$M$3:$N$18,2,FALSE)&$BB$3&E13&$BD$3,"") -> [4,100] | BD11: =IFERROR($BC$3&VLOOKUP(F13,'Pay Table'!$M$3:$N$18,2,FALSE)&$BB$3&G13&$BD$3,"") -> [3,100] | BE11: =IFERROR($BC$3&VLOOKUP(H13,'Pay Table'!$M$3:$N$18,2,FALSE)&$BB$3&I13&$BD$3,"") -> [5,100] | BF11: =IFERROR($BC$3&VLOOKUP(J13,'Pay Table'!$M$3:$N$18,2,FALSE)&$BB$3&K13&$BD$3,"") -> [5,100]
A12: 7 | B12: A | C12: 100 | D12: M5 | E12: 100 | F12: M3 | G12: 100 | H12: M4 | I12: 100 | J12: M1 | K12: 100 | N12: ='Pay Table'!B11 -> M5 | O12: {=SUM(IF(B$6:B$289=$N12,1,0)*(C$6:C$289+C$5:C$288+C$4:C$287)/O$3)} -> 700 | P12: {=SUM(IF(D$6:D$289=$N12,1,0)*(E$6:E$289+E$5:E$288+E$4:E$287)/P$3)} -> 748 | Q12: {=SUM(IF(F$6:F$289=$N12,1,0)*(G$6:G$289+G$5:G$288+G$4:G$287)/Q$3)} -> 300 | R12: {=SUM(IF(H$6:H$289=$N12,1,0)*(I$6:I$289+I$5:I$288+I$4:I$287)/R$3)} -> 733.33333 | S12: {=SUM(IF(J$6:J$289=$N12,1,0)*(K$6:K$289+K$5:K$288+K$4:K$287)/S$3)} -> 400 | U12: =N12 -> M5 | W12: =O35/$O$23 -> 0.015730394 | X12: =P35/$O$23 -> 0.0024375756 | Y12: =Q35/$O$23 -> 0.0003428153 | Z12: =R35/$O$23 -> 7.2939425e-05 | BB12: =IFERROR($BC$3&VLOOKUP(B14,'Pay Table'!$M$3:$N$18,2,FALSE)&$BB$3&C14&$BD$3,"") -> [3,100] | BC12: =IFERROR($BC$3&VLOOKUP(D14,'Pay Table'!$M$3:$N$18,2,FALSE)&$BB$3&E14&$BD$3,"") -> [2,100] | BD12: =IFERROR($BC$3&VLOOKUP(F14,'Pay Table'!$M$3:$N$18,2,FALSE)&$BB$3&G14&$BD$3,"") -> [0,100] | BE12: =IFERROR($BC$3&VLOOKUP(H14,'Pay Table'!$M$3:$N$18,2,FALSE)&$BB$3&I14&$BD$3,"") -> [4,100] | BF12: =IFERROR($BC$3&VLOOKUP(J14,'Pay Table'!$M$3:$N$18,2,FALSE)&$BB$3&K14&$BD$3,"") -> [6,100]
A13: 8 | B13: Q | C13: 100 | D13: M5 | E13: 100 | F13: M4 | G13: 100 | H13: A | I13: 100 | J13: A | K13: 100 | N13: ='Pay Table'!B12 -> A | O13: {=SUM(IF(B$6:B$289=$N13,1,0)*(C$6:C$289+C$5:C$288+C$4:C$287)/O$3)} -> 558.33333 | P13: {=SUM(IF(D$6:D$289=$N13,1,0)*(E$6:E$289+E$5:E$288+E$4:E$287)/P$3)} -> 526.66667 | Q13: {=SUM(IF(F$6:F$289=$N13,1,0)*(G$6:G$289+G$5:G$288+G$4:G$287)/Q$3)} -> 413.33333 | R13: {=SUM(IF(H$6:H$289=$N13,1,0)*(I$6:I$289+I$5:I$288+I$4:I$287)/R$3)} -> 821.66667 | S13: {=SUM(IF(J$6:J$289=$N13,1,0)*(K$6:K$289+K$5:K$288+K$4:K$287)/S$3)} -> 400 | U13: =N13 -> A | W13: =O36/$O$23 -> 0.010528384 | X13: =P36/$O$23 -> 0.0016853872 | Y13: =Q36/$O$23 -> 0.0002409708 | Z13: =R36/$O$23 -> 3.4577866e-05 | BB13: =IFERROR($BC$3&VLOOKUP(B15,'Pay Table'!$M$3:$N$18,2,FALSE)&$BB$3&C15&$BD$3,"") -> [0,100] | BC13: =IFERROR($BC$3&VLOOKUP(D15,'Pay Table'!$M$3:$N$18,2,FALSE)&$BB$3&E15&$BD$3,"") -> [6,100] | BD13: =IFERROR($BC$3&VLOOKUP(F15,'Pay Table'!$M$3:$N$18,2,FALSE)&$BB$3&G15&$BD$3,"") -> [0,100] | BE13: =IFERROR($BC$3&VLOOKUP(H15,'Pay Table'!$M$3:$N$18,2,FALSE)&$BB$3&I15&$BD$3,"") -> [0,100] | BF13: =IFERROR($BC$3&VLOOKUP(J15,'Pay Table'!$M$3:$N$18,2,FALSE)&$BB$3&K15&$BD$3,"") -> [1,100]
A14: 9 | B14: M4 | C14: 100 | D14: M3 | E14: 100 | F14: M1 | G14: 100 | H14: M5 | I14: 100 | J14: K | K14: 100 | N14: ='Pay Table'!B13 -> K | O14: {=SUM(IF(B$6:B$289=$N14,1,0)*(C$6:C$289+C$5:C$288+C$4:C$287)/O$3)} -> 700 | P14: {=SUM(IF(D$6:D$289=$N14,1,0)*(E$6:E$289+E$5:E$288+E$4:E$287)/P$3)} -> 591.33333 | Q14: {=SUM(IF(F$6:F$289=$N14,1,0)*(G$6:G$289+G$5:G$288+G$4:G$287)/Q$3)} -> 585 | R14: {=SUM(IF(H$6:H$289=$N14,1,0)*(I$6:I$289+I$5:I$288+I$4:I$287)/R$3)} -> 916.66667 | S14: {=SUM(IF(J$6:J$289=$N14,1,0)*(K$6:K$289+K$5:K$288+K$4:K$287)/S$3)} -> 900 | U14: =N14 -> K | W14: =O37/$O$23 -> 0.0041323786 | X14: =P37/$O$23 -> 0.00056393689 | Y14: =Q37/$O$23 -> 7.847087e-05 | Z14: =R37/$O$23 -> 1.0393493e-05 | BB14: =IFERROR($BC$3&VLOOKUP(B16,'Pay Table'!$M$3:$N$18,2,FALSE)&$BB$3&C16&$BD$3,"") -> [0,100] | BC14: =IFERROR($BC$3&VLOOKUP(D16,'Pay Table'!$M$3:$N$18,2,FALSE)&$BB$3&E16&$BD$3,"") -> [5,100] | BD14: =IFERROR($BC$3&VLOOKUP(F16,'Pay Table'!$M$3:$N$18,2,FALSE)&$BB$3&G16&$BD$3,"") -> [7,100] | BE14: =IFERROR($BC$3&VLOOKUP(H16,'Pay Table'!$M$3:$N$18,2,FALSE)&$BB$3&I16&$BD$3,"") -> [4,100] | BF14: =IFERROR($BC$3&VLOOKUP(J16,'Pay Table'!$M$3:$N$18,2,FALSE)&$BB$3&K16&$BD$3,"") -> [1,100]
A15: 10 | B15: M1 | C15: 100 | D15: K | E15: 100 | F15: M1 | G15: 100 | H15: M1 | I15: 100 | J15: M2 | K15: 100 | N15: ='Pay Table'!B14 -> Q | O15: {=SUM(IF(B$6:B$289=$N15,1,0)*(C$6:C$289+C$5:C$288+C$4:C$287)/O$3)} -> 483.33333 | P15: {=SUM(IF(D$6:D$289=$N15,1,0)*(E$6:E$289+E$5:E$288+E$4:E$287)/P$3)} -> 566.66667 | Q15: {=SUM(IF(F$6:F$289=$N15,1,0)*(G$6:G$289+G$5:G$288+G$4:G$287)/Q$3)} -> 605 | R15: {=SUM(IF(H$6:H$289=$N15,1,0)*(I$6:I$289+I$5:I$288+I$4:I$287)/R$3)} -> 873.33333 | S15: {=SUM(IF(J$6:J$289=$N15,1,0)*(K$6:K$289+K$5:K$288+K$4:K$287)/S$3)} -> 558.33333 | U15: =N15 -> Q | W15: =O38/$O$23 -> 0 | X15: =P38/$O$23 -> 0 | Y15: =Q38/$O$23 -> 0 | Z15: =R38/$O$23 -> 0 | BB15: =IFERROR($BC$3&VLOOKUP(B17,'Pay Table'!$M$3:$N$18,2,FALSE)&$BB$3&C17&$BD$3,"") -> [0,100] | BC15: =IFERROR($BC$3&VLOOKUP(D17,'Pay Table'!$M$3:$N$18,2,FALSE)&$BB$3&E17&$BD$3,"") -> [2,100] | BD15: =IFERROR($BC$3&VLOOKUP(F17,'Pay Table'!$M$3:$N$18,2,FALSE)&$BB$3&G17&$BD$3,"") -> [3,100] | BE15: =IFERROR($BC$3&VLOOKUP(H17,'Pay Table'!$M$3:$N$18,2,FALSE)&$BB$3&I17&$BD$3,"") -> [2,100] | BF15: =IFERROR($BC$3&VLOOKUP(J17,'Pay Table'!$M$3:$N$18,2,FALSE)&$BB$3&K17&$BD$3,"") -> [1,100]
A16: 11 | B16: M1 | C16: 100 | D16: A | E16: 100 | F16: Q | G16: 100 | H16: M5 | I16: 100 | J16: M2 | K16: 100 | N16: ='Pay Table'!B15 -> J | O16: {=SUM(IF(B$6:B$289=$N16,1,0)*(C$6:C$289+C$5:C$288+C$4:C$287)/O$3)} -> 200 | P16: {=SUM(IF(D$6:D$289=$N16,1,0)*(E$6:E$289+E$5:E$288+E$4:E$287)/P$3)} -> 500 | Q16: {=SUM(IF(F$6:F$289=$N16,1,0)*(G$6:G$289+G$5:G$288+G$4:G$287)/Q$3)} -> 486.33333 | R16: {=SUM(IF(H$6:H$289=$N16,1,0)*(I$6:I$289+I$5:I$288+I$4:I$287)/R$3)} -> 836.66667 | S16: {=SUM(IF(J$6:J$289=$N16,1,0)*(K$6:K$289+K$5:K$288+K$4:K$287)/S$3)} -> 500 | U16: =N16 -> J | W16: =O39/$O$23 -> 0 | X16: =P39/$O$23 -> 0 | Y16: =Q39/$O$23 -> 0 | Z16: =R39/$O$23 -> 0 | BB16: =IFERROR($BC$3&VLOOKUP(B18,'Pay Table'!$M$3:$N$18,2,FALSE)&$BB$3&C18&$BD$3,"") -> [7,100] | BC16: =IFERROR($BC$3&VLOOKUP(D18,'Pay Table'!$M$3:$N$18,2,FALSE)&$BB$3&E18&$BD$3,"") -> [2,100] | BD16: =IFERROR($BC$3&VLOOKUP(F18,'Pay Table'!$M$3:$N$18,2,FALSE)&$BB$3&G18&$BD$3,"") -> [7,100] | BE16: =IFERROR($BC$3&VLOOKUP(H18,'Pay Table'!$M$3:$N$18,2,FALSE)&$BB$3&I18&$BD$3,"") -> [5,100] | BF16: =IFERROR($BC$3&VLOOKUP(J18,'Pay Table'!$M$3:$N$18,2,FALSE)&$BB$3&K18&$BD$3,"") -> [6,100]
A17: 12 | B17: M1 | C17: 100 | D17: M3 | E17: 100 | F17: M4 | G17: 100 | H17: M3 | I17: 100 | J17: M2 | K17: 100 | N17: ='Pay Table'!B16 -> SCATTER | O17: {=SUM(IF(B$6:B$289=$N17,1,0)*(C$6:C$289+C$5:C$288+C$4:C$287)/O$3)} -> 0 | P17: {=SUM(IF(D$6:D$289=$N17,1,0)*(E$6:E$289+E$5:E$288+E$4:E$287)/P$3)} -> 408 | Q17: {=SUM(IF(F$6:F$289=$N17,1,0)*(G$6:G$289+G$5:G$288+G$4:G$287)/Q$3)} -> 408 | R17: {=SUM(IF(H$6:H$289=$N17,1,0)*(I$6:I$289+I$5:I$288+I$4:I$287)/R$3)} -> 403.33333 | S17: {=SUM(IF(J$6:J$289=$N17,1,0)*(K$6:K$289+K$5:K$288+K$4:K$287)/S$3)} -> 0 | U17: =N17 -> SCATTER | BB17: =IFERROR($BC$3&VLOOKUP(B19,'Pay Table'!$M$3:$N$18,2,FALSE)&$BB$3&C19&$BD$3,"") -> [6,100] | BC17: =IFERROR($BC$3&VLOOKUP(D19,'Pay Table'!$M$3:$N$18,2,FALSE)&$BB$3&E19&$BD$3,"") -> [8,100] | BD17: =IFERROR($BC$3&VLOOKUP(F19,'Pay Table'!$M$3:$N$18,2,FALSE)&$BB$3&G19&$BD$3,"") -> [8,100] | BE17: =IFERROR($BC$3&VLOOKUP(H19,'Pay Table'!$M$3:$N$18,2,FALSE)&$BB$3&I19&$BD$3,"") -> [92,100] | BF17: =IFERROR($BC$3&VLOOKUP(J19,'Pay Table'!$M$3:$N$18,2,FALSE)&$BB$3&K19&$BD$3,"") -> [8,100]
A18: 13 | B18: Q | C18: 100 | D18: M3 | E18: 100 | F18: Q | G18: 100 | H18: A | I18: 100 | J18: K | K18: 100 | BB18: =IFERROR($BC$3&VLOOKUP(B20,'Pay Table'!$M$3:$N$18,2,FALSE)&$BB$3&C20&$BD$3,"") -> [4,100] | BC18: =IFERROR($BC$3&VLOOKUP(D20,'Pay Table'!$M$3:$N$18,2,FALSE)&$BB$3&E20&$BD$3,"") -> [5,100] | BD18: =IFERROR($BC$3&VLOOKUP(F20,'Pay Table'!$M$3:$N$18,2,FALSE)&$BB$3&G20&$BD$3,"") -> [7,100] | BE18: =IFERROR($BC$3&VLOOKUP(H20,'Pay Table'!$M$3:$N$18,2,FALSE)&$BB$3&I20&$BD$3,"") -> [4,100] | BF18: =IFERROR($BC$3&VLOOKUP(J20,'Pay Table'!$M$3:$N$18,2,FALSE)&$BB$3&K20&$BD$3,"") -> [2,100]
A19: 14 | B19: K | C19: 100 | D19: J | E19: 100 | F19: J | G19: 100 | H19: WILD | I19: 100 | J19: J | K19: 100 | BB19: =IFERROR($BC$3&VLOOKUP(B21,'Pay Table'!$M$3:$N$18,2,FALSE)&$BB$3&C21&$BD$3,"") -> [6,100] | BC19: =IFERROR($BC$3&VLOOKUP(D21,'Pay Table'!$M$3:$N$18,2,FALSE)&$BB$3&E21&$BD$3,"") -> [7,100] | BD19: =IFERROR($BC$3&VLOOKUP(F21,'Pay Table'!$M$3:$N$18,2,FALSE)&$BB$3&G21&$BD$3,"") -> [92,100] | BE19: =IFERROR($BC$3&VLOOKUP(H21,'Pay Table'!$M$3:$N$18,2,FALSE)&$BB$3&I21&$BD$3,"") -> [8,100] | BF19: =IFERROR($BC$3&VLOOKUP(J21,'Pay Table'!$M$3:$N$18,2,FALSE)&$BB$3&K21&$BD$3,"") -> [2,100]
A20: 15 | B20: M5 | C20: 100 | D20: A | E20: 100 | F20: Q | G20: 100 | H20: M5 | I20: 100 | J20: M3 | K20: 100 | BB20: =IFERROR($BC$3&VLOOKUP(B22,'Pay Table'!$M$3:$N$18,2,FALSE)&$BB$3&C22&$BD$3,"") -> [4,100] | BC20: =IFERROR($BC$3&VLOOKUP(D22,'Pay Table'!$M$3:$N$18,2,FALSE)&$BB$3&E22&$BD$3,"") -> [4,100] | BD20: =IFERROR($BC$3&VLOOKUP(F22,'Pay Table'!$M$3:$N$18,2,FALSE)&$BB$3&G22&$BD$3,"") -> [7,100] | BE20: =IFERROR($BC$3&VLOOKUP(H22,'Pay Table'!$M$3:$N$18,2,FALSE)&$BB$3&I22&$BD$3,"") -> [5,100] | BF20: =IFERROR($BC$3&VLOOKUP(J22,'Pay Table'!$M$3:$N$18,2,FALSE)&$BB$3&K22&$BD$3,"") -> [3,100]
A21: 16 | B21: K | C21: 100 | D21: Q | E21: 100 | F21: WILD | G21: 100 | H21: J | I21: 100 | J21: M3 | K21: 100 | BB21: =IFERROR($BC$3&VLOOKUP(B23,'Pay Table'!$M$3:$N$18,2,FALSE)&$BB$3&C23&$BD$3,"") -> [4,100] | BC21: =IFERROR($BC$3&VLOOKUP(D23,'Pay Table'!$M$3:$N$18,2,FALSE)&$BB$3&E23&$BD$3,"") -> [8,100] | BD21: =IFERROR($BC$3&VLOOKUP(F23,'Pay Table'!$M$3:$N$18,2,FALSE)&$BB$3&G23&$BD$3,"") -> [0,100] | BE21: =IFERROR($BC$3&VLOOKUP(H23,'Pay Table'!$M$3:$N$18,2,FALSE)&$BB$3&I23&$BD$3,"") -> [4,100] | BF21: =IFERROR($BC$3&VLOOKUP(J23,'Pay Table'!$M$3:$N$18,2,FALSE)&$BB$3&K23&$BD$3,"") -> [92,100]
A22: 17 | B22: M5 | C22: 100 | D22: M5 | E22: 100 | F22: Q | G22: 100 | H22: A | I22: 100 | J22: M4 | K22: 100 | N22: TOTAL | O22: =SUM(O6:O21) -> 5840 | P22: =SUM(P6:P21) -> 5964 | Q22: =SUM(Q6:Q21) -> 5764 | R22: =SUM(R6:R21) -> 8350 | S22: =SUM(S6:S21) -> 6840 | U22: =(O8+O9)/O22 -> 0.20547945 | V22: =(P8+P9)/P22 -> 0.19282361 | W22: =(Q8+Q9)/Q22 -> 0.28221143 | X22: =(R8+R9)/R22 -> 0.25548902 | Y22: =(S8+S9)/S22 -> 0.34844055 | BB22: =IFERROR($BC$3&VLOOKUP(B24,'Pay Table'!$M$3:$N$18,2,FALSE)&$BB$3&C24&$BD$3,"") -> [0,100] | BC22: =IFERROR($BC$3&VLOOKUP(D24,'Pay Table'!$M$3:$N$18,2,FALSE)&$BB$3&E24&$BD$3,"") -> [92,100] | BD22: =IFERROR($BC$3&VLOOKUP(F24,'Pay Table'!$M$3:$N$18,2,FALSE)&$BB$3&G24&$BD$3,"") -> [0,100] | BE22: =IFERROR($BC$3&VLOOKUP(H24,'Pay Table'!$M$3:$N$18,2,FALSE)&$BB$3&I24&$BD$3,"") -> [0,100] | BF22: =IFERROR($BC$3&VLOOKUP(J24,'Pay Table'!$M$3:$N$18,2,FALSE)&$BB$3&K24&$BD$3,"") -> [6,100]
A23: 18 | B23: M5 | C23: 100 | D23: J | E23: 100 | F23: M1 | G23: 100 | H23: M5 | I23: 100 | J23: WILD | K23: 100 | N23: Cycle: | O23: =O22*P22*Q22*R22*S22 -> 1.1466134e+19 | BB23: =IFERROR($BC$3&VLOOKUP(B25,'Pay Table'!$M$3:$N$18,2,FALSE)&$BB$3&C25&$BD$3,"") -> [0,100] | BC23: =IFERROR($BC$3&VLOOKUP(D25,'Pay Table'!$M$3:$N$18,2,FALSE)&$BB$3&E25&$BD$3,"") -> [2,100] | BD23: =IFERROR($BC$3&VLOOKUP(F25,'Pay Table'!$M$3:$N$18,2,FALSE)&$BB$3&G25&$BD$3,"") -> [0,100] | BE23: =IFERROR($BC$3&VLOOKUP(H25,'Pay Table'!$M$3:$N$18,2,FALSE)&$BB$3&I25&$BD$3,"") -> [0,100] | BF23: =IFERROR($BC$3&VLOOKUP(J25,'Pay Table'!$M$3:$N$18,2,FALSE)&$BB$3&K25&$BD$3,"") -> [8,100]
A24: 19 | B24: M1 | C24: 100 | D24: WILD | E24: 100 | F24: M1 | G24: 100 | H24: M1 | I24: 100 | J24: K | K24: 100 | BB24: =IFERROR($BC$3&VLOOKUP(B26,'Pay Table'!$M$3:$N$18,2,FALSE)&$BB$3&C26&$BD$3,"") -> [0,100] | BC24: =IFERROR($BC$3&VLOOKUP(D26,'Pay Table'!$M$3:$N$18,2,FALSE)&$BB$3&E26&$BD$3,"") -> [4,100] | BD24: =IFERROR($BC$3&VLOOKUP(F26,'Pay Table'!$M$3:$N$18,2,FALSE)&$BB$3&G26&$BD$3,"") -> [5,100] | BE24: =IFERROR($BC$3&VLOOKUP(H26,'Pay Table'!$M$3:$N$18,2,FALSE)&$BB$3&I26&$BD$3,"") -> [0,100] | BF24: =IFERROR($BC$3&VLOOKUP(J26,'Pay Table'!$M$3:$N$18,2,FALSE)&$BB$3&K26&$BD$3,"") -> [94,50]
A25: 20 | B25: M1 | C25: 100 | D25: M3 | E25: 100 | F25: M1 | G25: 100 | H25: M1 | I25: 100 | J25: J | K25: 100 | O25: NXXXX | T25: Count | AA25: Count | AB25: NXXXX(不含wild) | AG25: Count | AH25: NXXXX(含 1 wild) | AM25: Count | AN25: NXXXX(含 2 wild) | AR25: Count | AS25: NXXXX(含 3 wild) | AV25: Count | AW25: NXXXX(含 4 wild) | BB25: =IFERROR($BC$3&VLOOKUP(B27,'Pay Table'!$M$3:$N$18,2,FALSE)&$BB$3&C27&$BD$3,"") -> [6,100] | BC25: =IFERROR($BC$3&VLOOKUP(D27,'Pay Table'!$M$3:$N$18,2,FALSE)&$BB$3&E27&$BD$3,"") -> [8,100] | BD25: =IFERROR($BC$3&VLOOKUP(F27,'Pay Table'!$M$3:$N$18,2,FALSE)&$BB$3&G27&$BD$3,"") -> [1,100] | BE25: =IFERROR($BC$3&VLOOKUP(H27,'Pay Table'!$M$3:$N$18,2,FALSE)&$BB$3&I27&$BD$3,"") -> [5,100] | BF25: =IFERROR($BC$3&VLOOKUP(J27,'Pay Table'!$M$3:$N$18,2,FALSE)&$BB$3&K27&$BD$3,"") -> [3,100]
A26: 21 | B26: M1 | C26: 100 | D26: M5 | E26: 100 | F26: A | G26: 100 | H26: M1 | I26: 100 | J26: LINK | K26: 50 | N26: Symbol | O26: 2 | P26: 3 | Q26: 4 | R26: 5 | T26: =N26 -> Symbol | U26: =O26 -> 2 | V26: =P26 -> 3 | W26: =Q26 -> 4 | X26: =R26 -> 5 | Y26: Total | AA26: Symbol | AB26: 2 | AC26: 3 | AD26: 4 | AE26: 5 | AG26: Symbol | AH26: 2 | AI26: 3 | AJ26: 4 | AK26: 5 | AM26: Symbol | AN26: 3 | AO26: 4 | AP26: 5 | AR26: Symbol | AS26: 4 | AT26: 5 | AV26: Symbol | AW26: 5 | BB26: =IFERROR($BC$3&VLOOKUP(B28,'Pay Table'!$M$3:$N$18,2,FALSE)&$BB$3&C28&$BD$3,"") -> [3,100] | BC26: =IFERROR($BC$3&VLOOKUP(D28,'Pay Table'!$M$3:$N$18,2,FALSE)&$BB$3&E28&$BD$3,"") -> [7,100] | BD26: =IFERROR($BC$3&VLOOKUP(F28,'Pay Table'!$M$3:$N$18,2,FALSE)&$BB$3&G28&$BD$3,"") -> [4,100] | BE26: =IFERROR($BC$3&VLOOKUP(H28,'Pay Table'!$M$3:$N$18,2,FALSE)&$BB$3&I28&$BD$3,"") -> [1,100] | BF26: =IFERROR($BC$3&VLOOKUP(J28,'Pay Table'!$M$3:$N$18,2,FALSE)&$BB$3&K28&$BD$3,"") -> [94,100]
A27: 22 | B27: K | C27: 100 | D27: J | E27: 100 | F27: M2 | G27: 100 | H27: A | I27: 100 | J27: M4 | K27: 100 | N27: =N6 -> LINK | T27: =N27 -> LINK | AA27: =N6 -> LINK | AG27: =AA27 -> LINK | AM27: =AG27 -> LINK | AR27: =AM27 -> LINK | AV27: =AR27 -> LINK | BB27: =IFERROR($BC$3&VLOOKUP(B29,'Pay Table'!$M$3:$N$18,2,FALSE)&$BB$3&C29&$BD$3,"") -> [6,100] | BC27: =IFERROR($BC$3&VLOOKUP(D29,'Pay Table'!$M$3:$N$18,2,FALSE)&$BB$3&E29&$BD$3,"") -> [1,100] | BD27: =IFERROR($BC$3&VLOOKUP(F29,'Pay Table'!$M$3:$N$18,2,FALSE)&$BB$3&G29&$BD$3,"") -> [4,100] | BE27: =IFERROR($BC$3&VLOOKUP(H29,'Pay Table'!$M$3:$N$18,2,FALSE)&$BB$3&I29&$BD$3,"") -> [1,100] | BF27: =IFERROR($BC$3&VLOOKUP(J29,'Pay Table'!$M$3:$N$18,2,FALSE)&$BB$3&K29&$BD$3,"") -> [8,100]
A28: 23 | B28: M4 | C28: 100 | D28: Q | E28: 100 | F28: M5 | G28: 100 | H28: M2 | I28: 100 | J28: LINK | K28: 100 | N28: =N7 -> WILD | T28: =N28 -> WILD | V28: =P28 -> 0 | W28: =Q28 -> 0 | X28: =R28 -> 0 | Y28: =SUM(U28:X28) -> 0 | AA28: =N7 -> WILD | AG28: =AA28 -> WILD | AM28: =AG28 -> WILD | AR28: =AM28 -> WILD | AV28: =AR28 -> WILD | BB28: =IFERROR($BC$3&VLOOKUP(B30,'Pay Table'!$M$3:$N$18,2,FALSE)&$BB$3&C30&$BD$3,"") -> [2,100] | BC28: =IFERROR($BC$3&VLOOKUP(D30,'Pay Table'!$M$3:$N$18,2,FALSE)&$BB$3&E30&$BD$3,"") -> [1,100] | BD28: =IFERROR($BC$3&VLOOKUP(F30,'Pay Table'!$M$3:$N$18,2,FALSE)&$BB$3&G30&$BD$3,"") -> [2,130] | BE28: =IFERROR($BC$3&VLOOKUP(H30,'Pay Table'!$M$3:$N$18,2,FALSE)&$BB$3&I30&$BD$3,"") -> [1,200] | BF28: =IFERROR($BC$3&VLOOKUP(J30,'Pay Table'!$M$3:$N$18,2,FALSE)&$BB$3&K30&$BD$3,"") -> [7,100]
A29: 24 | B29: K | C29: 100 | D29: M2 | E29: 100 | F29: M5 | G29: 100 | H29: M2 | I29: 100 | J29: J | K29: 100 | N29: =N8 -> M1 | O29: =O8*($P$7+P8)*($Q$22-Q8-$Q$7)*$R$22*$S$22 -> 1.3943222e+17 | P29: =O8*($P$7+P8)*($Q$7+Q8)*($R$22-R8-$R$7)*$S$22 -> 3.1443155e+16 | Q29: =O8*($P$7+P8)*($Q$7+Q8)*($R$7+R8)*($S$22-S8-$S$7) -> 4.4558924e+15 | R29: =O8*($P$7+P8)*($Q$7+Q8)*($R$7+R8)*($S$7+S8) -> 1.3421363e+15 | S29: =SUM(O29:R29) -> 1.766734e+17 | T29: =N29 -> M1 | U29: =O29 -> 1.3943222e+17 | V29: =P29 -> 3.1443155e+16 | W29: =Q29 -> 4.4558924e+15 | X29: =R29 -> 1.3421363e+15 | Y29: =SUM(U29:X29) -> 1.766734e+17 | AA29: =N8 -> M1 | AB29: =O8*P8*($Q$22-Q8-$Q$7)*$R$22*$S$22 -> 7.8809514e+16 | AC29: =O8*P8*Q8*($R$22-R8-$R$7)*$S$22 -> 1.3384016e+16 | AD29: =O8*P8*Q8*R8*($S$22-S8-$S$7) -> 1.4589878e+15 | AE29: =O8*P8*Q8*R8*S8 -> 3.5618917e+14 | AG29: =AA29 -> M1 | AH29: =O8*$P$7*($Q$22-Q8-$Q$7)*$R$22*$S$22 -> 6.0622703e+16 | AI29: =O8*$P$7*Q8*($R$22-R8-$R$7)*$S$22+ O8*P8*$Q$7*($R$22-R8-$R$7)*$S$22 -> 1.4683599e+16 | AJ29: =O8*$P$7*Q8*R8*($S$22-S8-$S$7)+ O8*P8*$Q$7*R8*($S$22-S8-$S$7)+ O8*P8*Q8*$R$7*($S$22-S8-$S$7) -> 2.0383514e+15 | AK29: {=O8*$P$7*Q8*R8*S8+ O8*P8*$Q$7*R8*S8+ O8*P8*Q8*$R$7*S8+ O8*P8*Q8*R8*$S$7} -> 580896750000000 | AM29: =AG29 -> M1 | AN29: =O8*$P$7*$Q$7*($R$22-R8-$R$7)*$S$22 -> 3.37554e+15 | AO29: =O8*$P$7*$Q$7*R8*($S$22-S8-$S$7)+ O8*$P$7*Q8*$R$7*($S$22-S8-$S$7)+ O8*P8*$Q$7*$R$7*($S$22-S8-$S$7) -> 8.4816317e+14 | AP29: {=O8*$P$7*$Q$7*R8*S8+ O8*$P$7*Q8*$R$7*S8+ O8*P8*$Q$7*$R$7*S8+ O8*P8*$Q$7*R8*$S$7+ O8*P8*Q8*$R$7*$S$7+ O8*$P$7*Q8*R8*$S$7} -> 3.2339533e+14 | AR29: =AM29 -> M1 | AS29: =O8*$P$7*$Q$7*$R$7*($S$22-S8-$S$7) -> 110390000000000 | AT29: =O8*$P$7*$Q$7*$R$7*S8+ O8*$P$7*$Q$7*R8*$S$7+ O8*$P$7*Q8*$R$7*$S$7+ O8*P8*$Q$7*$R$7*$S$7 -> 7.5355e+13 | AV29: =AR29 -> M1 | AW29: =O8*$P$7*$Q$7*$R$7*$S$7 -> 6.3e+12 | BB29: =IFERROR($BC$3&VLOOKUP(B31,'Pay Table'!$M$3:$N$18,2,FALSE)&$BB$3&C31&$BD$3,"") -> [2,100] | BC29: =IFERROR($BC$3&VLOOKUP(D31,'Pay Table'!$M$3:$N$18,2,FALSE)&$BB$3&E31&$BD$3,"") -> [1,100] | BD29: =IFERROR($BC$3&VLOOKUP(F31,'Pay Table'!$M$3:$N$18,2,FALSE)&$BB$3&G31&$BD$3,"") -> [90,135] | BE29: =IFERROR($BC$3&VLOOKUP(H31,'Pay Table'!$M$3:$N$18,2,FALSE)&$BB$3&I31&$BD$3,"") -> [6,190] | BF29: =IFERROR($BC$3&VLOOKUP(J31,'Pay Table'!$M$3:$N$18,2,FALSE)&$BB$3&K31&$BD$3,"") -> [1,100]
A30: 25 | B30: M3 | C30: 100 | D30: M2 | E30: 100 | F30: M3 | G30: 130 | H30: M2 | I30: 200 | J30: Q | K30: 100 | N30: =N9 -> M2 | O30: =O9*($P$7+P9)*($Q$22-Q9-$Q$7)*$R$22*$S$22 -> 1.42498e+17 | P30: =O9*($P$7+P9)*($Q$7+Q9)*($R$22-R9-$R$7)*$S$22 -> 2.5127524e+16 | Q30: =O9*($P$7+P9)*($Q$7+Q9)*($R$7+R9)*($S$22-S9-$S$7) -> 4.1413587e+15 | R30: =O9*($P$7+P9)*($Q$7+Q9)*($R$7+R9)*($S$7+S9) -> 1.0657908e+15 | S30: =SUM(O30:R30) -> 1.7283268e+17 | T30: =N30 -> M2 | U30: =O30 -> 1.42498e+17 | V30: =P30 -> 2.5127524e+16 | W30: =Q30 -> 4.1413587e+15 | X30: =R30 -> 1.0657908e+15 | Y30: =SUM(U30:X30) -> 1.7283268e+17 | AA30: =N9 -> M2 | AB30: =O9*P9*($Q$22-Q9-$Q$7)*$R$22*$S$22 -> 9.7260541e+16 | AC30: =O9*P9*Q9*($R$22-R9-$R$7)*$S$22 -> 1.2064707e+16 | AD30: =O9*P9*Q9*R9*($S$22-S9-$S$7) -> 1.5722456e+15 | AE30: =O9*P9*Q9*R9*S9 -> 3.1791731e+14 | AG30: =AA30 -> M2 | AH30: =O9*$P$7*($Q$22-Q9-$Q$7)*$R$22*$S$22 -> 4.5237461e+16 | AI30: =O9*$P$7*Q9*($R$22-R9-$R$7)*$S$22+ O9*P9*$Q$7*($R$22-R9-$R$7)*$S$22 -> 1.0697317e+16 | AJ30: =O9*$P$7*Q9*R9*($S$22-S9-$S$7)+ O9*P9*$Q$7*R9*($S$22-S9-$S$7)+ O9*P9*Q9*$R$7*($S$22-S9-$S$7) -> 1.810233e+15 | AK30: {=O9*$P$7*Q9*R9*S9+ O9*P9*$Q$7*R9*S9+ O9*P9*Q9*$R$7*S9+ O9*P9*Q9*R9*$S$7} -> 4.5274449e+14 | AM30: =AG30 -> M2 | AN30: =O9*$P$7*$Q$7*($R$22-R9-$R$7)*$S$22 -> 2.3655e+15 | AO30: =O9*$P$7*$Q$7*R9*($S$22-S9-$S$7)+ O9*$P$7*Q9*$R$7*($S$22-S9-$S$7)+ O9*P9*$Q$7*$R$7*($S$22-S9-$S$7) -> 677280000000000 | AP30: {=O9*$P$7*$Q$7*R9*S9+ O9*$P$7*Q9*$R$7*S9+ O9*P9*$Q$7*$R$7*S9+ O9*P9*$Q$7*R9*$S$7+ O9*P9*Q9*$R$7*$S$7+ O9*$P$7*Q9*R9*$S$7} -> 2.3677903e+14 | AR30: =AM30 -> M2 | AS30: =O9*$P$7*$Q$7*$R$7*($S$22-S9-$S$7) -> 81600000000000 | AT30: {=O9*$P$7*$Q$7*$R$7*S9+ O9*$P$7*$Q$7*R9*$S$7+ O9*$P$7*Q9*$R$7*$S$7+ O9*P9*$Q$7*$R$7*$S$7} -> 5.385e+13 | AV30: =AR30 -> M2 | AW30: =O9*$P$7*$Q$7*$R$7*$S$7 -> 4.5e+12 | BB30: =IFERROR($BC$3&VLOOKUP(B32,'Pay Table'!$M$3:$N$18,2,FALSE)&$BB$3&C32&$BD$3,"") -> [3,100] | BC30: =IFERROR($BC$3&VLOOKUP(D32,'Pay Table'!$M$3:$N$18,2,FALSE)&$BB$3&E32&$BD$3,"") -> [3,100] | BD30: =IFERROR($BC$3&VLOOKUP(F32,'Pay Table'!$M$3:$N$18,2,FALSE)&$BB$3&G32&$BD$3,"") -> [7,100] | BE30: =IFERROR($BC$3&VLOOKUP(H32,'Pay Table'!$M$3:$N$18,2,FALSE)&$BB$3&I32&$BD$3,"") -> [90,200] | BF30: =IFERROR($BC$3&VLOOKUP(J32,'Pay Table'!$M$3:$N$18,2,FALSE)&$BB$3&K32&$BD$3,"") -> [1,100]
A31: 26 | B31: M3 | C31: 100 | D31: M2 | E31: 100 | F31: SCATTER | G31: 135 | H31: K | I31: 190 | J31: M2 | K31: 100 | N31: =N10 -> M3 | O31: =O10*($P$7+P10)*($Q$22-Q10-$Q$7)*$R$22*$S$22 -> 2.4687241e+17 | P31: =O10*($P$7+P10)*($Q$7+Q10)*($R$22-R10-$R$7)*$S$22 -> 2.2649309e+16 | Q31: =O10*($P$7+P10)*($Q$7+Q10)*($R$7+R10)*($S$22-S10-$S$7) -> 1.8300898e+15 | R31: =O10*($P$7+P10)*($Q$7+Q10)*($R$7+R10)*($S$7+S10) -> 2.42396e+14 | S31: =SUM(O31:R31) -> 2.715942e+17 | T31: =N31 -> M3 | U31: =O31 -> 2.4687241e+17 | V31: =P31 -> 2.2649309e+16 | W31: =Q31 -> 1.8300898e+15 | X31: =R31 -> 2.42396e+14 | Y31: =SUM(U31:X31) -> 2.715942e+17 | AA31: =N10 -> M3 | AB31: =O10*P10*($Q$22-Q10-$Q$7)*$R$22*$S$22 -> 1.5710062e+17 | AC31: =O10*P10*Q10*($R$22-R10-$R$7)*$S$22 -> 6.1718517e+15 | AD31: =O10*P10*Q10*R10*($S$22-S10-$S$7) -> 2.849672e+14 | AE31: =O10*P10*Q10*R10*S10 -> 2.359e+13 | AG31: =AA31 -> M3 | AH31: =O10*$P$7*($Q$22-Q10-$Q$7)*$R$22*$S$22 -> 8.9771785e+16 | AI31: =O10*$P$7*Q10*($R$22-R10-$R$7)*$S$22+ O10*P10*$Q$7*($R$22-R10-$R$7)*$S$22 -> 1.1768117e+16 | AJ31: =O10*$P$7*Q10*R10*($S$22-S10-$S$7)+ O10*P10*$Q$7*R10*($S$22-S10-$S$7)+ O10*P10*Q10*$R$7*($S$22-S10-$S$7) -> 7.570838e+14 | AK31: {=O10*$P$7*Q10*R10*S10+ O10*P10*$Q$7*R10*S10+ O10*P10*Q10*$R$7*S10+ O10*P10*Q10*R10*$S$7} -> 76826500000000 | AM31: =AG31 -> M3 | AN31: =O10*$P$7*$Q$7*($R$22-R10-$R$7)*$S$22 -> 4.70934e+15 | AO31: =O10*$P$7*$Q$7*R10*($S$22-S10-$S$7)+ O10*$P$7*Q10*$R$7*($S$22-S10-$S$7)+ O10*P10*$Q$7*$R$7*($S$22-S10-$S$7) -> 624958800000000 | AP31: {=O10*$P$7*$Q$7*R10*S10+ O10*$P$7*Q10*$R$7*S10+ O10*P10*$Q$7*$R$7*S10+ O10*P10*$Q$7*R10*$S$7+ O10*P10*Q10*$R$7*$S$7+ O10*$P$7*Q10*R10*$S$7} -> 89338500000000 | AR31: =AM31 -> M3 | AS31: =O10*$P$7*$Q$7*$R$7*($S$22-S10-$S$7) -> 163080000000000 | AT31: {=O10*$P$7*$Q$7*$R$7*S10+ O10*$P$7*$Q$7*R10*$S$7+ O10*$P$7*Q10*$R$7*$S$7+ O10*P10*$Q$7*$R$7*$S$7} -> 44541000000000 | AV31: =AR31 -> M3 | AW31: =O10*$P$7*$Q$7*$R$7*$S$7 -> 8.1e+12 | BB31: =IFERROR($BC$3&VLOOKUP(B33,'Pay Table'!$M$3:$N$18,2,FALSE)&$BB$3&C33&$BD$3,"") -> [8,100] | BC31: =IFERROR($BC$3&VLOOKUP(D33,'Pay Table'!$M$3:$N$18,2,FALSE)&$BB$3&E33&$BD$3,"") -> [5,140] | BD31: =IFERROR($BC$3&VLOOKUP(F33,'Pay Table'!$M$3:$N$18,2,FALSE)&$BB$3&G33&$BD$3,"") -> [1,100] | BE31: =IFERROR($BC$3&VLOOKUP(H33,'Pay Table'!$M$3:$N$18,2,FALSE)&$BB$3&I33&$BD$3,"") -> [5,100] | BF31: =IFERROR($BC$3&VLOOKUP(J33,'Pay Table'!$M$3:$N$18,2,FALSE)&$BB$3&K33&$BD$3,"") -> [1,100]
A32: 27 | B32: M4 | C32: 100 | D32: M4 | E32: 100 | F32: Q | G32: 100 | H32: SCATTER | I32: 200 | J32: M2 | K32: 100 | N32: =N11 -> M4 | O32: =O11*($P$7+P11)*($Q$22-Q11-$Q$7)*$R$22*$S$22 -> 1.2769938e+17 | P32: =O11*($P$7+P11)*($Q$7+Q11)*($R$22-R11-$R$7)*$S$22 -> 1.8320788e+16 | Q32: =O11*($P$7+P11)*($Q$7+Q11)*($R$7+R11)*($S$22-S11-$S$7) -> 1.9675201e+15 | R32: =O11*($P$7+P11)*($Q$7+Q11)*($R$7+R11)*($S$7+S11) -> 2.9176991e+14 | S32: =SUM(O32:R32) -> 1.4827946e+17 | T32: =N32 -> M4 | U32: =O32 -> 1.2769938e+17 | V32: =P32 -> 1.8320788e+16 | W32: =Q32 -> 1.9675201e+15 | X32: =R32 -> 2.9176991e+14 | Y32: =SUM(U32:X32) -> 1.4827946e+17 | AA32: =N11 -> M4 | AB32: =O11*P11*($Q$22-Q11-$Q$7)*$R$22*$S$22 -> 5.3670756e+16 | AC32: =O11*P11*Q11*($R$22-R11-$R$7)*$S$22 -> 4.8125258e+15 | AD32: =O11*P11*Q11*R11*($S$22-S11-$S$7) -> 3.4768595e+14 | AE32: =O11*P11*Q11*R11*S11 -> 3.4048708e+13 | AG32: =AA32 -> M4 | AH32: =O11*$P$7*($Q$22-Q11-$Q$7)*$R$22*$S$22 -> 7.4028628e+16 | AI32: =O11*$P$7*Q11*($R$22-R11-$R$7)*$S$22+ O11*P11*$Q$7*($R$22-R11-$R$7)*$S$22 -> 9.5254822e+15 | AJ32: =O11*$P$7*Q11*R11*($S$22-S11-$S$7)+ O11*P11*$Q$7*R11*($S$22-S11-$S$7)+ O11*P11*Q11*$R$7*($S$22-S11-$S$7) -> 8.573229e+14 | AK32: {=O11*$P$7*Q11*R11*S11+ O11*P11*$Q$7*R11*S11+ O11*P11*Q11*$R$7*S11+ O11*P11*Q11*R11*$S$7} -> 1.0146796e+14 | AM32: =AG32 -> M4 | AN32: =O11*$P$7*$Q$7*($R$22-R11-$R$7)*$S$22 -> 3.98278e+15 | AO32: =O11*$P$7*$Q$7*R11*($S$22-S11-$S$7)+ O11*$P$7*Q11*$R$7*($S$22-S11-$S$7)+ O11*P11*$Q$7*$R$7*($S$22-S11-$S$7) -> 6.2252958e+14 | AP32: {=O11*$P$7*$Q$7*R11*S11+ O11*$P$7*Q11*$R$7*S11+ O11*P11*$Q$7*$R$7*S11+ O11*P11*$Q$7*R11*$S$7+ O11*P11*Q11*$R$7*$S$7+ O11*$P$7*Q11*R11*$S$7} -> 1.0414199e+14 | AR32: =AM32 -> M4 | AS32: =O11*$P$7*$Q$7*$R$7*($S$22-S11-$S$7) -> 1.3998167e+14 | AT32: {=O11*$P$7*$Q$7*$R$7*S11+ O11*$P$7*$Q$7*R11*$S$7+ O11*$P$7*Q11*$R$7*$S$7+ O11*P11*$Q$7*$R$7*$S$7} -> 4.506125e+13 | AV32: =AR32 -> M4 | AW32: =O11*$P$7*$Q$7*$R$7*$S$7 -> 7.05e+12 | BB32: =IFERROR($BC$3&VLOOKUP(B34,'Pay Table'!$M$3:$N$18,2,FALSE)&$BB$3&C34&$BD$3,"") -> [2,100] | BC32: =IFERROR($BC$3&VLOOKUP(D34,'Pay Table'!$M$3:$N$18,2,FALSE)&$BB$3&E34&$BD$3,"") -> [90,150] | BD32: =IFERROR($BC$3&VLOOKUP(F34,'Pay Table'!$M$3:$N$18,2,FALSE)&$BB$3&G34&$BD$3,"") -> [1,100] | BE32: =IFERROR($BC$3&VLOOKUP(H34,'Pay Table'!$M$3:$N$18,2,FALSE)&$BB$3&I34&$BD$3,"") -> [4,100] | BF32: =IFERROR($BC$3&VLOOKUP(J34,'Pay Table'!$M$3:$N$18,2,FALSE)&$BB$3&K34&$BD$3,"") -> [2,100]
A33: 28 | B33: J | C33: 100 | D33: A | E33: 140 | F33: M2 | G33: 100 | H33: A | I33: 100 | J33: M2 | K33: 100 | N33: =N12 -> M5 | O33: =O12*($P$7+P12)*($Q$22-Q12-$Q$7)*$R$22*$S$22 -> 2.2324742e+17 | P33: =O12*($P$7+P12)*($Q$7+Q12)*($R$22-R12-$R$7)*$S$22 -> 2.2728891e+16 | Q33: =O12*($P$7+P12)*($Q$7+Q12)*($R$7+R12)*($S$22-S12-$S$7) -> 2.8814938e+15 | R33: =O12*($P$7+P12)*($Q$7+Q12)*($R$7+R12)*($S$7+S12) -> 3.2850907e+14 | S33: =SUM(O33:R33) -> 2.4918631e+17 | T33: =N33 -> M5 | U33: =O33 -> 2.2324742e+17 | V33: =P33 -> 2.2728891e+16 | W33: =Q33 -> 2.8814938e+15 | X33: =R33 -> 3.2850907e+14 | Y33: =SUM(U33:X33) -> 2.4918631e+17 | AA33: =N12 -> M5 | AB33: =O12*P12*($Q$22-Q12-$Q$7)*$R$22*$S$22 -> 1.5442885e+17 | AC33: =O12*P12*Q12*($R$22-R12-$R$7)*$S$22 -> 7.8612257e+15 | AD33: =O12*P12*Q12*R12*($S$22-S12-$S$7) -> 7.0727888e+14 | AE33: =O12*P12*Q12*R12*S12 -> 4.60768e+13 | AG33: =AA33 -> M5 | AH33: =O12*$P$7*($Q$22-Q12-$Q$7)*$R$22*$S$22 -> 6.8818562e+16 | AI33: =O12*$P$7*Q12*($R$22-R12-$R$7)*$S$22+ O12*P12*$Q$7*($R$22-R12-$R$7)*$S$22 -> 1.1364446e+16 | AJ33: =O12*$P$7*Q12*R12*($S$22-S12-$S$7)+ O12*P12*$Q$7*R12*($S$22-S12-$S$7)+ O12*P12*Q12*$R$7*($S$22-S12-$S$7) -> 1.3118069e+15 | AK33: {=O12*$P$7*Q12*R12*S12+ O12*P12*$Q$7*R12*S12+ O12*P12*Q12*$R$7*S12+ O12*P12*Q12*R12*$S$7} -> 1.2001733e+14 | AM33: =AG33 -> M5 | AN33: =O12*$P$7*$Q$7*($R$22-R12-$R$7)*$S$22 -> 3.50322e+15 | AO33: =O12*$P$7*$Q$7*R12*($S$22-S12-$S$7)+ O12*$P$7*Q12*$R$7*($S$22-S12-$S$7)+ O12*P12*$Q$7*$R$7*($S$22-S12-$S$7) -> 7.3346803e+14 | AP33: {=O12*$P$7*$Q$7*R12*S12+ O12*$P$7*Q12*$R$7*S12+ O12*P12*$Q$7*$R$7*S12+ O12*P12*$Q$7*R12*$S$7+ O12*P12*Q12*$R$7*$S$7+ O12*$P$7*Q12*R12*$S$7} -> 1.1187773e+14 | AR33: =AM33 -> M5 | AS33: =O12*$P$7*$Q$7*$R$7*($S$22-S12-$S$7) -> 128940000000000 | AT33: {=O12*$P$7*$Q$7*$R$7*S12+ O12*$P$7*$Q$7*R12*$S$7+ O12*$P$7*Q12*$R$7*$S$7+ O12*P12*$Q$7*$R$7*$S$7} -> 4.42372e+13 | AV33: =AR33 -> M5 | AW33: =O12*$P$7*$Q$7*$R$7*$S$7 -> 6.3e+12 | BB33: =IFERROR($BC$3&VLOOKUP(B35,'Pay Table'!$M$3:$N$18,2,FALSE)&$BB$3&C35&$BD$3,"") -> [4,100] | BC33: =IFERROR($BC$3&VLOOKUP(D35,'Pay Table'!$M$3:$N$18,2,FALSE)&$BB$3&E35&$BD$3,"") -> [6,100] | BD33: =IFERROR($BC$3&VLOOKUP(F35,'Pay Table'!$M$3:$N$18,2,FALSE)&$BB$3&G35&$BD$3,"") -> [1,100] | BE33: =IFERROR($BC$3&VLOOKUP(H35,'Pay Table'!$M$3:$N$18,2,FALSE)&$BB$3&I35&$BD$3,"") -> [2,100] | BF33: =IFERROR($BC$3&VLOOKUP(J35,'Pay Table'!$M$3:$N$18,2,FALSE)&$BB$3&K35&$BD$3,"") -> [2,100]
A34: 29 | B34: M3 | C34: 100 | D34: SCATTER | E34: 150 | F34: M2 | G34: 100 | H34: M5 | I34: 100 | J34: M3 | K34: 100 | N34: =N13 -> A | O34: =O13*($P$7+P13)*($Q$22-Q13-$Q$7)*$R$22*$S$22 -> 1.3851069e+17 | P34: =O13*($P$7+P13)*($Q$7+Q13)*($R$22-R13-$R$7)*$S$22 -> 1.693475e+16 | Q34: =O13*($P$7+P13)*($Q$7+Q13)*($R$7+R13)*($S$22-S13-$S$7) -> 2.358939e+15 | R34: =O13*($P$7+P13)*($Q$7+Q13)*($R$7+R13)*($S$7+S13) -> 2.6893441e+14 | S34: =SUM(O34:R34) -> 1.5807331e+17 | T34: =N34 -> A | U34: =O34 -> 1.3851069e+17 | V34: =P34 -> 1.693475e+16 | W34: =Q34 -> 2.358939e+15 | X34: =R34 -> 2.6893441e+14 | Y34: =SUM(U34:X34) -> 1.5807331e+17 | AA34: =N13 -> A | AB34: =O13*P13*($Q$22-Q13-$Q$7)*$R$22*$S$22 -> 8.4824376e+16 | AC34: =O13*P13*Q13*($R$22-R13-$R$7)*$S$22 -> 6.0093029e+15 | AD34: =O13*P13*Q13*R13*($S$22-S13-$S$7) -> 6.131883e+14 | AE34: =O13*P13*Q13*R13*S13 -> 3.994712e+13 | AG34: =AA34 -> A | AH34: =O13*$P$7*($Q$22-Q13-$Q$7)*$R$22*$S$22 -> 5.3686314e+16 | AI34: =O13*$P$7*Q13*($R$22-R13-$R$7)*$S$22+ O13*P13*$Q$7*($R$22-R13-$R$7)*$S$22 -> 8.164947e+15 | AJ34: =O13*$P$7*Q13*R13*($S$22-S13-$S$7)+ O13*P13*$Q$7*R13*($S$22-S13-$S$7)+ O13*P13*Q13*$R$7*($S$22-S13-$S$7) -> 1.057032e+15 | AK34: {=O13*$P$7*Q13*R13*S13+ O13*P13*$Q$7*R13*S13+ O13*P13*Q13*$R$7*S13+ O13*P13*Q13*R13*$S$7} -> 9.8822361e+13 | AM34: =AG34 -> A | AN34: =O13*$P$7*$Q$7*($R$22-R13-$R$7)*$S$22 -> 2.7605005e+15 | AO34: =O13*$P$7*$Q$7*R13*($S$22-S13-$S$7)+ O13*$P$7*Q13*$R$7*($S$22-S13-$S$7)+ O13*P13*$Q$7*$R$7*($S$22-S13-$S$7) -> 5.8587368e+14 | AP34: {=O13*$P$7*$Q$7*R13*S13+ O13*$P$7*Q13*$R$7*S13+ O13*P13*$Q$7*$R$7*S13+ O13*P13*$Q$7*R13*$S$7+ O13*P13*Q13*$R$7*$S$7+ O13*$P$7*Q13*R13*$S$7} -> 8.9814182e+13 | AR34: =AM34 -> A | AS34: =O13*$P$7*$Q$7*$R$7*($S$22-S13-$S$7) -> 1.02845e+14 | AT34: {=O13*$P$7*$Q$7*$R$7*S13+ O13*$P$7*$Q$7*R13*$S$7+ O13*$P$7*Q13*$R$7*$S$7+ O13*P13*$Q$7*$R$7*$S$7} -> 3.532575e+13 | AV34: =AR34 -> A | AW34: =O13*$P$7*$Q$7*$R$7*$S$7 -> 5.025e+12 | BB34: =IFERROR($BC$3&VLOOKUP(B36,'Pay Table'!$M$3:$N$18,2,FALSE)&$BB$3&C36&$BD$3,"") -> [4,100] | BC34: =IFERROR($BC$3&VLOOKUP(D36,'Pay Table'!$M$3:$N$18,2,FALSE)&$BB$3&E36&$BD$3,"") -> [1,100] | BD34: =IFERROR($BC$3&VLOOKUP(F36,'Pay Table'!$M$3:$N$18,2,FALSE)&$BB$3&G36&$BD$3,"") -> [6,100] | BE34: =IFERROR($BC$3&VLOOKUP(H36,'Pay Table'!$M$3:$N$18,2,FALSE)&$BB$3&I36&$BD$3,"") -> [92,100] | BF34: =IFERROR($BC$3&VLOOKUP(J36,'Pay Table'!$M$3:$N$18,2,FALSE)&$BB$3&K36&$BD$3,"") -> [5,100]
A35: 30 | B35: M5 | C35: 100 | D35: K | E35: 100 | F35: M2 | G35: 100 | H35: M3 | I35: 100 | J35: M3 | K35: 100 | N35: =N14 -> K | O35: =O14*($P$7+P14)*($Q$22-Q14-$Q$7)*$R$22*$S$22 -> 1.8036682e+17 | P35: =O14*($P$7+P14)*($Q$7+Q14)*($R$22-R14-$R$7)*$S$22 -> 2.794957e+16 | Q35: =O14*($P$7+P14)*($Q$7+Q14)*($R$7+R14)*($S$22-S14-$S$7) -> 3.9307663e+15 | R35: =O14*($P$7+P14)*($Q$7+Q14)*($R$7+R14)*($S$7+S14) -> 8.3633326e+14 | S35: =SUM(O35:R35) -> 2.1308349e+17 | T35: =N35 -> K | U35: =O35 -> 1.8036682e+17 | V35: =P35 -> 2.794957e+16 | W35: =Q35 -> 3.9307663e+15 | X35: =R35 -> 8.3633326e+14 | Y35: =SUM(U35:X35) -> 2.1308349e+17 | AA35: =N14 -> K | AB35: =O14*P14*($Q$22-Q14-$Q$7)*$R$22*$S$22 -> 1.1534633e+17 | AC35: =O14*P14*Q14*($R$22-R14-$R$7)*$S$22 -> 1.1815032e+16 | AD35: =O14*P14*Q14*R14*($S$22-S14-$S$7) -> 1.2519207e+15 | AE35: =O14*P14*Q14*R14*S14 -> 1.9977458e+14 | AG35: =AA35 -> K | AH35: =O14*$P$7*($Q$22-Q14-$Q$7)*$R$22*$S$22 -> 6.5020481e+16 | AI35: =O14*$P$7*Q14*($R$22-R14-$R$7)*$S$22+ O14*P14*$Q$7*($R$22-R14-$R$7)*$S$22 -> 1.2719099e+16 | AJ35: =O14*$P$7*Q14*R14*($S$22-S14-$S$7)+ O14*P14*$Q$7*R14*($S$22-S14-$S$7)+ O14*P14*Q14*$R$7*($S$22-S14-$S$7) -> 1.7574351e+15 | AK35: {=O14*$P$7*Q14*R14*S14+ O14*P14*$Q$7*R14*S14+ O14*P14*Q14*$R$7*S14+ O14*P14*Q14*R14*$S$7} -> 3.470333e+14 | AM35: =AG35 -> K | AN35: =O14*$P$7*$Q$7*($R$22-R14-$R$7)*$S$22 -> 3.41544e+15 | AO35: =O14*$P$7*$Q$7*R14*($S$22-S14-$S$7)+ O14*$P$7*Q14*$R$7*($S$22-S14-$S$7)+ O14*P14*$Q$7*$R$7*($S$22-S14-$S$7) -> 802970560000000 | AP35: {=O14*$P$7*$Q$7*R14*S14+ O14*$P$7*Q14*$R$7*S14+ O14*P14*$Q$7*$R$7*S14+ O14*P14*$Q$7*R14*$S$7+ O14*P14*Q14*$R$7*$S$7+ O14*$P$7*Q14*R14*$S$7} -> 2.2161419e+14 | AR35: =AM35 -> K | AS35: =O14*$P$7*$Q$7*$R$7*($S$22-S14-$S$7) -> 118440000000000 | AT35: {=O14*$P$7*$Q$7*$R$7*S14+ O14*$P$7*$Q$7*R14*$S$7+ O14*$P$7*Q14*$R$7*$S$7+ O14*P14*$Q$7*$R$7*$S$7} -> 6.16112e+13 | AV35: =AR35 -> K | AW35: =O14*$P$7*$Q$7*$R$7*$S$7 -> 6.3e+12 | BB35: =IFERROR($BC$3&VLOOKUP(B37,'Pay Table'!$M$3:$N$18,2,FALSE)&$BB$3&C37&$BD$3,"") -> [5,100] | BC35: =IFERROR($BC$3&VLOOKUP(D37,'Pay Table'!$M$3:$N$18,2,FALSE)&$BB$3&E37&$BD$3,"") -> [1,100] | BD35: =IFERROR($BC$3&VLOOKUP(F37,'Pay Table'!$M$3:$N$18,2,FALSE)&$BB$3&G37&$BD$3,"") -> [5,100] | BE35: =IFERROR($BC$3&VLOOKUP(H37,'Pay Table'!$M$3:$N$18,2,FALSE)&$BB$3&I37&$BD$3,"") -> [3,100] | BF35: =IFERROR($BC$3&VLOOKUP(J37,'Pay Table'!$M$3:$N$18,2,FALSE)&$BB$3&K37&$BD$3,"") -> [7,100]
A36: 31 | B36: M5 | C36: 100 | D36: M2 | E36: 100 | F36: K | G36: 100 | H36: WILD | I36: 100 | J36: A | K36: 100 | N36: =N15 -> Q | O36: =O15*($P$7+P15)*($Q$22-Q15-$Q$7)*$R$22*$S$22 -> 1.2071986e+17 | P36: =O15*($P$7+P15)*($Q$7+Q15)*($R$22-R15-$R$7)*$S$22 -> 1.9324876e+16 | Q36: =O15*($P$7+P15)*($Q$7+Q15)*($R$7+R15)*($S$22-S15-$S$7) -> 2.7630036e+15 | R36: =O15*($P$7+P15)*($Q$7+Q15)*($R$7+R15)*($S$7+S15) -> 3.9647447e+14 | S36: =SUM(O36:R36) -> 1.4320422e+17 | T36: =N36 -> Q | U36: =O36 -> 1.2071986e+17 | V36: =P36 -> 1.9324876e+16 | W36: =Q36 -> 2.7630036e+15 | X36: =R36 -> 3.9647447e+14 | Y36: =SUM(U36:X36) -> 1.4320422e+17 | AA36: =N15 -> Q | AB36: =O15*P15*($Q$22-Q15-$Q$7)*$R$22*$S$22 -> 7.6008803e+16 | AC36: =O15*P15*Q15*($R$22-R15-$R$7)*$S$22 -> 8.1340842e+15 | AD36: =O15*P15*Q15*R15*($S$22-S15-$S$7) -> 8.6562947e+14 | AE36: =O15*P15*Q15*R15*S15 -> 8.0798516e+13 | AG36: =AA36 -> Q | AH36: =O15*$P$7*($Q$22-Q15-$Q$7)*$R$22*$S$22 -> 4.471106e+16 | AI36: =O15*$P$7*Q15*($R$22-R15-$R$7)*$S$22+ O15*P15*$Q$7*($R$22-R15-$R$7)*$S$22 -> 8.8181856e+15 | AJ36: =O15*$P$7*Q15*R15*($S$22-S15-$S$7)+ O15*P15*$Q$7*R15*($S$22-S15-$S$7)+ O15*P15*Q15*$R$7*($S$22-S15-$S$7) -> 1.2357852e+15 | AK36: {=O15*$P$7*Q15*R15*S15+ O15*P15*$Q$7*R15*S15+ O15*P15*Q15*$R$7*S15+ O15*P15*Q15*R15*$S$7} -> 1.5876326e+14 | AM36: =AG36 -> Q | AN36: =O15*$P$7*$Q$7*($R$22-R15-$R$7)*$S$22 -> 2.372606e+15 | AO36: =O15*$P$7*$Q$7*R15*($S$22-S15-$S$7)+ O15*$P$7*Q15*$R$7*($S$22-S15-$S$7)+ O15*P15*$Q$7*$R$7*($S$22-S15-$S$7) -> 5.7485478e+14 | AP36: {=O15*$P$7*$Q$7*R15*S15+ O15*$P$7*Q15*$R$7*S15+ O15*P15*$Q$7*$R$7*S15+ O15*P15*$Q$7*R15*$S$7+ O15*P15*Q15*$R$7*$S$7+ O15*$P$7*Q15*R15*$S$7} -> 1.1563602e+14 | AR36: =AM36 -> Q | AS36: =O15*$P$7*$Q$7*$R$7*($S$22-S15-$S$7) -> 8.6734167e+13 | AT36: {=O15*$P$7*$Q$7*$R$7*S15+ O15*$P$7*$Q$7*R15*$S$7+ O15*$P$7*Q15*$R$7*$S$7+ O15*P15*$Q$7*$R$7*$S$7} -> 3.6926667e+13 | AV36: =AR36 -> Q | AW36: =O15*$P$7*$Q$7*$R$7*$S$7 -> 4350000000000 | BB36: =IFERROR($BC$3&VLOOKUP(B38,'Pay Table'!$M$3:$N$18,2,FALSE)&$BB$3&C38&$BD$3,"") -> [6,100] | BC36: =IFERROR($BC$3&VLOOKUP(D38,'Pay Table'!$M$3:$N$18,2,FALSE)&$BB$3&E38&$BD$3,"") -> [1,100] | BD36: =IFERROR($BC$3&VLOOKUP(F38,'Pay Table'!$M$3:$N$18,2,FALSE)&$BB$3&G38&$BD$3,"") -> [94,50] | BE36: =IFERROR($BC$3&VLOOKUP(H38,'Pay Table'!$M$3:$N$18,2,FALSE)&$BB$3&I38&$BD$3,"") -> [7,100] | BF36: =IFERROR($BC$3&VLOOKUP(J38,'Pay Table'!$M$3:$N$18,2,FALSE)&$BB$3&K38&$BD$3,"") -> [6,100]
A37: 32 | B37: A | C37: 100 | D37: M2 | E37: 100 | F37: A | G37: 100 | H37: M4 | I37: 100 | J37: Q | K37: 100 | N37: =N16 -> J | O37: =O16*($P$7+P16)*($Q$22-Q16-$Q$7)*$R$22*$S$22 -> 4.7382409e+16 | P37: =O16*($P$7+P16)*($Q$7+Q16)*($R$22-R16-$R$7)*$S$22 -> 6.4661763e+15 | Q37: =O16*($P$7+P16)*($Q$7+Q16)*($R$7+R16)*($S$22-S16-$S$7) -> 8.9975755e+14 | R37: =O16*($P$7+P16)*($Q$7+Q16)*($R$7+R16)*($S$7+S16) -> 1.1917319e+14 | S37: =SUM(O37:R37) -> 5.4867516e+16 | T37: =N37 -> J | U37: =O37 -> 4.7382409e+16 | V37: =P37 -> 6.4661763e+15 | W37: =Q37 -> 8.9975755e+14 | X37: =R37 -> 1.1917319e+14 | Y37: =SUM(U37:X37) -> 5.4867516e+16 | AA37: =N16 -> J | AB37: =O16*P16*($Q$22-Q16-$Q$7)*$R$22*$S$22 -> 2.8429445e+16 | AC37: =O16*P16*Q16*($R$22-R16-$R$7)*$S$22 -> 2.3995298e+15 | AD37: =O16*P16*Q16*R16*($S$22-S16-$S$7) -> 2.4576693e+14 | AE37: =O16*P16*Q16*R16*S16 -> 2.0344944e+13 | AG37: =AA37 -> J | AH37: =O16*$P$7*($Q$22-Q16-$Q$7)*$R$22*$S$22 -> 1.8952964e+16 | AI37: =O16*$P$7*Q16*($R$22-R16-$R$7)*$S$22+ O16*P16*$Q$7*($R$22-R16-$R$7)*$S$22 -> 3.0798625e+15 | AJ37: =O16*$P$7*Q16*R16*($S$22-S16-$S$7)+ O16*P16*$Q$7*R16*($S$22-S16-$S$7)+ O16*P16*Q16*$R$7*($S$22-S16-$S$7) -> 4.0357222e+14 | AK37: {=O16*$P$7*Q16*R16*S16+ O16*P16*$Q$7*R16*S16+ O16*P16*Q16*$R$7*S16+ O16*P16*Q16*R16*$S$7} -> 4.5615263e+13 | AM37: =AG37 -> J | AN37: =O16*$P$7*$Q$7*($R$22-R16-$R$7)*$S$22 -> 9.86784e+14 | AO37: =O16*$P$7*$Q$7*R16*($S$22-S16-$S$7)+ O16*$P$7*Q16*$R$7*($S$22-S16-$S$7)+ O16*P16*$Q$7*$R$7*($S$22-S16-$S$7) -> 2.141784e+14 | AP37: {=O16*$P$7*$Q$7*R16*S16+ O16*$P$7*Q16*$R$7*S16+ O16*P16*$Q$7*$R$7*S16+ O16*P16*$Q$7*R16*$S$7+ O16*P16*Q16*$R$7*$S$7+ O16*$P$7*Q16*R16*$S$7} -> 3.7774978e+13 | AR37: =AM37 -> J | AS37: =O16*$P$7*$Q$7*$R$7*($S$22-S16-$S$7) -> 3.624e+13 | AT37: {=O16*$P$7*$Q$7*$R$7*S16+ O16*$P$7*$Q$7*R16*$S$7+ O16*$P$7*Q16*$R$7*$S$7+ O16*P16*$Q$7*$R$7*$S$7} -> 13638000000000 | AV37: =AR37 -> J | AW37: =O16*$P$7*$Q$7*$R$7*$S$7 -> 1800000000000 | BB37: =IFERROR($BC$3&VLOOKUP(B39,'Pay Table'!$M$3:$N$18,2,FALSE)&$BB$3&C39&$BD$3,"") -> [2,100] | BC37: =IFERROR($BC$3&VLOOKUP(D39,'Pay Table'!$M$3:$N$18,2,FALSE)&$BB$3&E39&$BD$3,"") -> [6,100] | BD37: =IFERROR($BC$3&VLOOKUP(F39,'Pay Table'!$M$3:$N$18,2,FALSE)&$BB$3&G39&$BD$3,"") -> [7,100] | BE37: =IFERROR($BC$3&VLOOKUP(H39,'Pay Table'!$M$3:$N$18,2,FALSE)&$BB$3&I39&$BD$3,"") -> [0,100] | BF37: =IFERROR($BC$3&VLOOKUP(J39,'Pay Table'!$M$3:$N$18,2,FALSE)&$BB$3&K39&$BD$3,"") -> [0,100]
A38: 33 | B38: K | C38: 100 | D38: M2 | E38: 100 | F38: LINK | G38: 50 | H38: Q | I38: 100 | J38: K | K38: 100 | N38: =N17 -> SCATTER | O38: =O17*($P$7+P17)*($Q$22-Q17-$Q$7)*$R$22*$S$22 -> 0 | P38: =O17*($P$7+P17)*($Q$7+Q17)*($R$22-R17-$R$7)*$S$22 -> 0 | Q38: =O17*($P$7+P17)*($Q$7+Q17)*($R$7+R17)*($S$22-S17-$S$7) -> 0 | R38: =O17*($P$7+P17)*($Q$7+Q17)*($R$7+R17)*($S$7+S17) -> 0 | T38: =N38 -> SCATTER | U38: =O38 -> 0 | V38: =P38 -> 0 | W38: =Q38 -> 0 | X38: =R38 -> 0 | Y38: =SUM(U38:X38) -> 0 | AA38: =N17 -> SCATTER | AB38: =O17*P17*($Q$22-Q17-$Q$7)*$R$22*$S$22 -> 0 | AC38: =O17*P17*Q17*($R$22-R17-$R$7)*$S$22 -> 0 | AD38: =O17*P17*Q17*R17*($S$22-S17-$S$7) -> 0 | AE38: =O17*P17*Q17*R17*S17 -> 0 | AG38: =AA38 -> SCATTER | AH38: =O17*$P$7*($Q$22-Q17-$Q$7)*$R$22*$S$22 -> 0 | AI38: =O17*$P$7*Q17*($R$22-R17-$R$7)*$S$22+ O17*P17*$Q$7*($R$22-R17-$R$7)*$S$22 -> 0 | AJ38: =O17*$P$7*Q17*R17*($S$22-S17-$S$7)+ O17*P17*$Q$7*R17*($S$22-S17-$S$7)+ O17*P17*Q17*$R$7*($S$22-S17-$S$7) -> 0 | AK38: {=O17*$P$7*Q17*R17*S17+ O17*P17*$Q$7*R17*S17+ O17*P17*Q17*$R$7*S17+ O17*P17*Q17*R17*$S$7} -> 0 | AM38: =AG38 -> SCATTER | AN38: =O17*$P$7*$Q$7*($R$22-R17-$R$7)*$S$22 -> 0 | AO38: =O17*$P$7*$Q$7*R17*($S$22-S17-$S$7)+ O17*$P$7*Q17*$R$7*($S$22-S17-$S$7)+ O17*P17*$Q$7*$R$7*($S$22-S17-$S$7) -> 0 | AP38: {=O17*$P$7*$Q$7*R17*S17+ O17*$P$7*Q17*$R$7*S17+ O17*P17*$Q$7*$R$7*S17+ O17*P17*$Q$7*R17*$S$7+ O17*P17*Q17*$R$7*$S$7+ O17*$P$7*Q17*R17*$S$7} -> 0 | AR38: =AM38 -> SCATTER | AS38: =O17*$P$7*$Q$7*$R$7*($S$22-S17-$S$7) -> 0 | AT38: {=O17*$P$7*$Q$7*$R$7*S17+ O17*$P$7*$Q$7*R17*$S$7+ O17*$P$7*Q17*$R$7*$S$7+ O17*P17*$Q$7*$R$7*$S$7} -> 0 | AV38: =AR38 -> SCATTER | AW38: =O17*$P$7*$Q$7*$R$7*$S$7 -> 0 | BB38: =IFERROR($BC$3&VLOOKUP(B40,'Pay Table'!$M$3:$N$18,2,FALSE)&$BB$3&C40&$BD$3,"") -> [7,100] | BC38: =IFERROR($BC$3&VLOOKUP(D40,'Pay Table'!$M$3:$N$18,2,FALSE)&$BB$3&E40&$BD$3,"") -> [94,15] | BD38: =IFERROR($BC$3&VLOOKUP(F40,'Pay Table'!$M$3:$N$18,2,FALSE)&$BB$3&G40&$BD$3,"") -> [94,100] | BE38: =IFERROR($BC$3&VLOOKUP(H40,'Pay Table'!$M$3:$N$18,2,FALSE)&$BB$3&I40&$BD$3,"") -> [0,100] | BF38: =IFERROR($BC$3&VLOOKUP(J40,'Pay Table'!$M$3:$N$18,2,FALSE)&$BB$3&K40&$BD$3,"") -> [0,100]
A39: 34 | B39: M3 | C39: 100 | D39: K | E39: 100 | F39: Q | G39: 100 | H39: M1 | I39: 100 | J39: M1 | K39: 100 | N39: =N18 -> 0 | O39: =O18*($P$7+P18)*($Q$22-Q18-$Q$7)*$R$22*$S$22 -> 0 | P39: =O18*($P$7+P18)*($Q$7+Q18)*($R$22-R18-$R$7)*$S$22 -> 0 | Q39: =O18*($P$7+P18)*($Q$7+Q18)*($R$7+R18)*($S$22-S18-$S$7) -> 0 | R39: =O18*($P$7+P18)*($Q$7+Q18)*($R$7+R18)*($S$7+S18) -> 0 | T39: =N39 -> 0 | U39: =O39 -> 0 | V39: =P39 -> 0 | W39: =Q39 -> 0 | X39: =R39 -> 0 | Y39: =SUM(U39:X39) -> 0 | AA39: =N18 -> 0 | AB39: =O18*P18*($Q$22-Q18-$Q$7)*$R$22*$S$22 -> 0 | AC39: =O18*P18*Q18*($R$22-R18-$R$7)*$S$22 -> 0 | AD39: =O18*P18*Q18*R18*($S$22-S18-$S$7) -> 0 | AE39: =O18*P18*Q18*R18*S18 -> 0 | AG39: =AA39 -> 0 | AH39: =O18*$P$7*($Q$22-Q18-$Q$7)*$R$22*$S$22 -> 0 | AI39: =O18*$P$7*Q18*($R$22-R18-$R$7)*$S$22+ O18*P18*$Q$7*($R$22-R18-$R$7)*$S$22 -> 0 | AJ39: =O18*$P$7*Q18*R18*($S$22-S18-$S$7)+ O18*P18*$Q$7*R18*($S$22-S18-$S$7)+ O18*P18*Q18*$R$7*($S$22-S18-$S$7) -> 0 | AK39: {=O18*$P$7*Q18*R18*S18+ O18*P18*$Q$7*R18*S18+ O18*P18*Q18*$R$7*S18+ O18*P18*Q18*R18*$S$7} -> 0 | AM39: =AG39 -> 0 | AN39: =O18*$P$7*$Q$7*($R$22-R18-$R$7)*$S$22 -> 0 | AO39: =O18*$P$7*$Q$7*R18*($S$22-S18-$S$7)+ O18*$P$7*Q18*$R$7*($S$22-S18-$S$7)+ O18*P18*$Q$7*$R$7*($S$22-S18-$S$7) -> 0 | AP39: {=O18*$P$7*$Q$7*R18*S18+ O18*$P$7*Q18*$R$7*S18+ O18*P18*$Q$7*$R$7*S18+ O18*P18*$Q$7*R18*$S$7+ O18*P18*Q18*$R$7*$S$7+ O18*$P$7*Q18*R18*$S$7} -> 0 | AR39: =AM39 -> 0 | AS39: =O18*$P$7*$Q$7*$R$7*($S$22-S18-$S$7) -> 0 | AT39: {=O18*$P$7*$Q$7*$R$7*S18+ O18*$P$7*$Q$7*R18*$S$7+ O18*$P$7*Q18*$R$7*$S$7+ O18*P18*$Q$7*$R$7*$S$7} -> 0 | AV39: =AR39 -> 0 | AW39: =O18*$P$7*$Q$7*$R$7*$S$7 -> 0 | BB39: =IFERROR($BC$3&VLOOKUP(B41,'Pay Table'!$M$3:$N$18,2,FALSE)&$BB$3&C41&$BD$3,"") -> [1,100] | BC39: =IFERROR($BC$3&VLOOKUP(D41,'Pay Table'!$M$3:$N$18,2,FALSE)&$BB$3&E41&$BD$3,"") -> [94,25] | BD39: =IFERROR($BC$3&VLOOKUP(F41,'Pay Table'!$M$3:$N$18,2,FALSE)&$BB$3&G41&$BD$3,"") -> [6,100] | BE39: =IFERROR($BC$3&VLOOKUP(H41,'Pay Table'!$M$3:$N$18,2,FALSE)&$BB$3&I41&$BD$3,"") -> [0,100] | BF39: =IFERROR($BC$3&VLOOKUP(J41,'Pay Table'!$M$3:$N$18,2,FALSE)&$BB$3&K41&$BD$3,"") -> [0,100]
A40: 35 | B40: Q | C40: 100 | D40: LINK | E40: 15 | F40: LINK | G40: 100 | H40: M1 | I40: 100 | J40: M1 | K40: 100 | N40: =N19 -> 0 | O40: =O19*($P$7+P19)*($Q$22-Q19-$Q$7)*$R$22*$S$22 -> 0 | P40: =O19*($P$7+P19)*($Q$7+Q19)*($R$22-R19-$R$7)*$S$22 -> 0 | Q40: =O19*($P$7+P19)*($Q$7+Q19)*($R$7+R19)*($S$22-S19-$S$7) -> 0 | R40: =O19*($P$7+P19)*($Q$7+Q19)*($R$7+R19)*($S$7+S19) -> 0 | T40: =N40 -> 0 | U40: =O40 -> 0 | V40: =P40 -> 0 | W40: =Q40 -> 0 | X40: =R40 -> 0 | Y40: =SUM(U40:X40) -> 0 | AA40: =N19 -> 0 | AB40: =O19*P19*($Q$22-Q19-$Q$7)*$R$22*$S$22 -> 0 | AC40: =O19*P19*Q19*($R$22-R19-$R$7)*$S$22 -> 0 | AD40: =O19*P19*Q19*R19*($S$22-S19-$S$7) -> 0 | AE40: =O19*P19*Q19*R19*S19 -> 0 | AG40: =AA40 -> 0 | AH40: =O19*$P$7*($Q$22-Q19-$Q$7)*$R$22*$S$22 -> 0 | AI40: =O19*$P$7*Q19*($R$22-R19-$R$7)*$S$22+ O19*P19*$Q$7*($R$22-R19-$R$7)*$S$22 -> 0 | AJ40: =O19*$P$7*Q19*R19*($S$22-S19-$S$7)+ O19*P19*$Q$7*R19*($S$22-S19-$S$7)+ O19*P19*Q19*$R$7*($S$22-S19-$S$7) -> 0 | AK40: {=O19*$P$7*Q19*R19*S19+ O19*P19*$Q$7*R19*S19+ O19*P19*Q19*$R$7*S19+ O19*P19*Q19*R19*$S$7} -> 0 | AM40: =AG40 -> 0 | AN40: =O19*$P$7*$Q$7*($R$22-R19-$R$7)*$S$22 -> 0 | AO40: =O19*$P$7*$Q$7*R19*($S$22-S19-$S$7)+ O19*$P$7*Q19*$R$7*($S$22-S19-$S$7)+ O19*P19*$Q$7*$R$7*($S$22-S19-$S$7) -> 0 | AP40: {=O19*$P$7*$Q$7*R19*S19+ O19*$P$7*Q19*$R$7*S19+ O19*P19*$Q$7*$R$7*S19+ O19*P19*$Q$7*R19*$S$7+ O19*P19*Q19*$R$7*$S$7+ O19*$P$7*Q19*R19*$S$7} -> 0 | AR40: =AM40 -> 0 | AS40: =O19*$P$7*$Q$7*$R$7*($S$22-S19-$S$7) -> 0 | AT40: {=O19*$P$7*$Q$7*$R$7*S19+ O19*$P$7*$Q$7*R19*$S$7+ O19*$P$7*Q19*$R$7*$S$7+ O19*P19*$Q$7*$R$7*$S$7} -> 0 | AV40: =AR40 -> 0 | AW40: =O19*$P$7*$Q$7*$R$7*$S$7 -> 0 | BB40: =IFERROR($BC$3&VLOOKUP(B42,'Pay Table'!$M$3:$N$18,2,FALSE)&$BB$3&C42&$BD$3,"") -> [1,100] | BC40: =IFERROR($BC$3&VLOOKUP(D42,'Pay Table'!$M$3:$N$18,2,FALSE)&$BB$3&E42&$BD$3,"") -> [94,50] | BD40: =IFERROR($BC$3&VLOOKUP(F42,'Pay Table'!$M$3:$N$18,2,FALSE)&$BB$3&G42&$BD$3,"") -> [3,100] | BE40: =IFERROR($BC$3&VLOOKUP(H42,'Pay Table'!$M$3:$N$18,2,FALSE)&$BB$3&I42&$BD$3,"") -> [8,100] | BF40: =IFERROR($BC$3&VLOOKUP(J42,'Pay Table'!$M$3:$N$18,2,FALSE)&$BB$3&K42&$BD$3,"") -> [4,100]
A41: 36 | B41: M2 | C41: 100 | D41: LINK | E41: 25 | F41: K | G41: 100 | H41: M1 | I41: 100 | J41: M1 | K41: 100 | N41: =N20 -> 0 | O41: =O20*($P$7+P20)*($Q$22-Q20-$Q$7)*$R$22*$S$22 -> 0 | P41: =O20*($P$7+P20)*($Q$7+Q20)*($R$22-R20-$R$7)*$S$22 -> 0 | Q41: =O20*($P$7+P20)*($Q$7+Q20)*($R$7+R20)*($S$22-S20-$S$7) -> 0 | R41: =O20*($P$7+P20)*($Q$7+Q20)*($R$7+R20)*($S$7+S20) -> 0 | T41: =N41 -> 0 | U41: =O41 -> 0 | V41: =P41 -> 0 | W41: =Q41 -> 0 | X41: =R41 -> 0 | Y41: =SUM(U41:X41) -> 0 | AA41: =N20 -> 0 | AB41: =O20*P20*($Q$22-Q20-$Q$7)*$R$22*$S$22 -> 0 | AC41: =O20*P20*Q20*($R$22-R20-$R$7)*$S$22 -> 0 | AD41: =O20*P20*Q20*R20*($S$22-S20-$S$7) -> 0 | AE41: =O20*P20*Q20*R20*S20 -> 0 | AG41: =AA41 -> 0 | AH41: =O20*$P$7*($Q$22-Q20-$Q$7)*$R$22*$S$22 -> 0 | AI41: =O20*$P$7*Q20*($R$22-R20-$R$7)*$S$22+ O20*P20*$Q$7*($R$22-R20-$R$7)*$S$22 -> 0 | AJ41: =O20*$P$7*Q20*R20*($S$22-S20-$S$7)+ O20*P20*$Q$7*R20*($S$22-S20-$S$7)+ O20*P20*Q20*$R$7*($S$22-S20-$S$7) -> 0 | AK41: =O20*$P$7*Q20*R20*S20+ O20*P20*$Q$7*R20*S20+ O20*P20*Q20*$R$7*S20 -> 0 | AM41: =AG41 -> 0 | AN41: =O20*$P$7*$Q$7*($R$22-R20-$R$7)*$S$22 -> 0 | AO41: =O20*$P$7*$Q$7*R20*($S$22-S20-$S$7)+ O20*$P$7*Q20*$R$7*($S$22-S20-$S$7)+ O20*P20*$Q$7*$R$7*($S$22-S20-$S$7) -> 0 | AP41: {=O20*$P$7*$Q$7*R20*S20+ O20*$P$7*Q20*$R$7*S20+ O20*P20*$Q$7*$R$7*S20+ O20*P20*$Q$7*R20*$S$7+ O20*P20*Q20*$R$7*$S$7+ O20*$P$7*Q20*R20*$S$7} -> 0 | AR41: =AM41 -> 0 | AS41: =O20*$P$7*$Q$7*$R$7*($S$22-S20-$S$7) -> 0 | AT41: {=O20*$P$7*$Q$7*$R$7*S20+ O20*$P$7*$Q$7*R20*$S$7+ O20*$P$7*Q20*$R$7*$S$7+ O20*P20*$Q$7*$R$7*$S$7} -> 0 | AV41: =AR41 -> 0 | AW41: =O20*$P$7*$Q$7*$R$7*$S$7 -> 0 | BB41: =IFERROR($BC$3&VLOOKUP(B43,'Pay Table'!$M$3:$N$18,2,FALSE)&$BB$3&C43&$BD$3,"") -> [1,100] | BC41: =IFERROR($BC$3&VLOOKUP(D43,'Pay Table'!$M$3:$N$18,2,FALSE)&$BB$3&E43&$BD$3,"") -> [3,100] | BD41: =IFERROR($BC$3&VLOOKUP(F43,'Pay Table'!$M$3:$N$18,2,FALSE)&$BB$3&G43&$BD$3,"") -> [92,100] | BE41: =IFERROR($BC$3&VLOOKUP(H43,'Pay Table'!$M$3:$N$18,2,FALSE)&$BB$3&I43&$BD$3,"") -> [94,50] | BF41: =IFERROR($BC$3&VLOOKUP(J43,'Pay Table'!$M$3:$N$18,2,FALSE)&$BB$3&K43&$BD$3,"") -> [1,100]
A42: 37 | B42: M2 | C42: 100 | D42: LINK | E42: 50 | F42: M4 | G42: 100 | H42: J | I42: 100 | J42: M5 | K42: 100 | N42: =N21 -> 0 | T42: =N42 -> 0 | AA42: =N21 -> 0 | AG42: =AA42 -> 0 | AM42: =AG42 -> 0 | AR42: =AM42 -> 0 | AS42: =O21*$P$7*$Q$7*$R$7*($S$22-S21-$S$7) -> 0 | AT42: {=O21*$P$7*$Q$7*$R$7*S21+ O21*$P$7*$Q$7*R21*$S$7+ O21*$P$7*Q21*$R$7*$S$7+ O21*P21*$Q$7*$R$7*$S$7} -> 0 | AV42: =AR42 -> 0 | AW42: =O21*$P$7*$Q$7*$R$7*$S$7 -> 0 | BB42: =IFERROR($BC$3&VLOOKUP(B44,'Pay Table'!$M$3:$N$18,2,FALSE)&$BB$3&C44&$BD$3,"") -> [5,100] | BC42: =IFERROR($BC$3&VLOOKUP(D44,'Pay Table'!$M$3:$N$18,2,FALSE)&$BB$3&E44&$BD$3,"") -> [3,100] | BD42: =IFERROR($BC$3&VLOOKUP(F44,'Pay Table'!$M$3:$N$18,2,FALSE)&$BB$3&G44&$BD$3,"") -> [6,100] | BE42: =IFERROR($BC$3&VLOOKUP(H44,'Pay Table'!$M$3:$N$18,2,FALSE)&$BB$3&I44&$BD$3,"") -> [6,100] | BF42: =IFERROR($BC$3&VLOOKUP(J44,'Pay Table'!$M$3:$N$18,2,FALSE)&$BB$3&K44&$BD$3,"") -> [8,100]
A43: 38 | B43: M2 | C43: 100 | D43: M4 | E43: 100 | F43: WILD | G43: 100 | H43: LINK | I43: 50 | J43: M2 | K43: 100 | BB43: =IFERROR($BC$3&VLOOKUP(B45,'Pay Table'!$M$3:$N$18,2,FALSE)&$BB$3&C45&$BD$3,"") -> [6,100] | BC43: =IFERROR($BC$3&VLOOKUP(D45,'Pay Table'!$M$3:$N$18,2,FALSE)&$BB$3&E45&$BD$3,"") -> [7,150] | BD43: =IFERROR($BC$3&VLOOKUP(F45,'Pay Table'!$M$3:$N$18,2,FALSE)&$BB$3&G45&$BD$3,"") -> [1,100] | BE43: =IFERROR($BC$3&VLOOKUP(H45,'Pay Table'!$M$3:$N$18,2,FALSE)&$BB$3&I45&$BD$3,"") -> [94,100] | BF43: =IFERROR($BC$3&VLOOKUP(J45,'Pay Table'!$M$3:$N$18,2,FALSE)&$BB$3&K45&$BD$3,"") -> [2,100]
A44: 39 | B44: A | C44: 100 | D44: M4 | E44: 100 | F44: K | G44: 100 | H44: K | I44: 100 | J44: J | K44: 100 | O44: WNXXX | S44: WWNXX | W44: WWWNX | Z44: WWWWN | AB44: WWWWW | AD44: Count | BB44: =IFERROR($BC$3&VLOOKUP(B46,'Pay Table'!$M$3:$N$18,2,FALSE)&$BB$3&C46&$BD$3,"") -> [94,50] | BC44: =IFERROR($BC$3&VLOOKUP(D46,'Pay Table'!$M$3:$N$18,2,FALSE)&$BB$3&E46&$BD$3,"") -> [90,200] | BD44: =IFERROR($BC$3&VLOOKUP(F46,'Pay Table'!$M$3:$N$18,2,FALSE)&$BB$3&G46&$BD$3,"") -> [1,100] | BE44: =IFERROR($BC$3&VLOOKUP(H46,'Pay Table'!$M$3:$N$18,2,FALSE)&$BB$3&I46&$BD$3,"") -> [6,100] | BF44: =IFERROR($BC$3&VLOOKUP(J46,'Pay Table'!$M$3:$N$18,2,FALSE)&$BB$3&K46&$BD$3,"") -> [6,100]
A45: 40 | B45: K | C45: 100 | D45: Q | E45: 150 | F45: M2 | G45: 100 | H45: LINK | I45: 100 | J45: M3 | K45: 100 | N45: Symbol | O45: 2 | P45: 3 | Q45: 4 | R45: 5 | S45: 2 | T45: 3 | U45: 4 | V45: 5 | W45: 3 | X45: 4 | Y45: 5 | Z45: 4 | AA45: 5 | AB45: 5 | AD45: =N26 -> Symbol | AE45: 2 | AF45: =P26 -> 3 | AG45: =Q26 -> 4 | AH45: =R26 -> 5 | AI45: Total | BB45: =IFERROR($BC$3&VLOOKUP(B47,'Pay Table'!$M$3:$N$18,2,FALSE)&$BB$3&C47&$BD$3,"") -> [3,100] | BC45: =IFERROR($BC$3&VLOOKUP(D47,'Pay Table'!$M$3:$N$18,2,FALSE)&$BB$3&E47&$BD$3,"") -> [7,100] | BD45: =IFERROR($BC$3&VLOOKUP(F47,'Pay Table'!$M$3:$N$18,2,FALSE)&$BB$3&G47&$BD$3,"") -> [1,100] | BE45: =IFERROR($BC$3&VLOOKUP(H47,'Pay Table'!$M$3:$N$18,2,FALSE)&$BB$3&I47&$BD$3,"") -> [3,100] | BF45: =IFERROR($BC$3&VLOOKUP(J47,'Pay Table'!$M$3:$N$18,2,FALSE)&$BB$3&K47&$BD$3,"") -> [5,100]
A46: 41 | B46: LINK | C46: 50 | D46: SCATTER | E46: 200 | F46: M2 | G46: 100 | H46: K | I46: 100 | J46: K | K46: 100 | N46: =N27 -> LINK | AD46: =N27 -> LINK | BB46: =IFERROR($BC$3&VLOOKUP(B48,'Pay Table'!$M$3:$N$18,2,FALSE)&$BB$3&C48&$BD$3,"") -> [94,100] | BC46: =IFERROR($BC$3&VLOOKUP(D48,'Pay Table'!$M$3:$N$18,2,FALSE)&$BB$3&E48&$BD$3,"") -> [0,100] | BD46: =IFERROR($BC$3&VLOOKUP(F48,'Pay Table'!$M$3:$N$18,2,FALSE)&$BB$3&G48&$BD$3,"") -> [6,100] | BE46: =IFERROR($BC$3&VLOOKUP(H48,'Pay Table'!$M$3:$N$18,2,FALSE)&$BB$3&I48&$BD$3,"") -> [8,210] | BF46: =IFERROR($BC$3&VLOOKUP(J48,'Pay Table'!$M$3:$N$18,2,FALSE)&$BB$3&K48&$BD$3,"") -> [3,100]
A47: 42 | B47: M4 | C47: 100 | D47: Q | E47: 100 | F47: M2 | G47: 100 | H47: M4 | I47: 100 | J47: A | K47: 100 | N47: =N28 -> WILD | S47: =O7*P7*(Q22-Q7)*R22*S22 -> 0 | W47: =O7*P7*Q7*(R22-R7)*S22 -> 0 | Z47: =O7*P7*Q7*R7*(S22-S7) -> 0 | AB47: =O7*P7*Q7*R7*S7 -> 0 | AD47: =N28 -> WILD | AE47: {=S47-SUMIF('Pay Table'!D7:D16,">"&'Pay Table'!C6,T48:T61)-SUMIF('Pay Table'!E7:E16,">"&'Pay Table'!C6,U48:U61)-SUMIF('Pay Table'!F7:F16,">"&'Pay Table'!C6,V48:V61)} -> 0 | AF47: {=W47-SUMIF('Pay Table'!E7:E16,">"&'Pay Table'!D6,X48:X61)-SUMIF('Pay Table'!F7:F16,">"&'Pay Table'!D6,Y48:Y61)} -> 0 | AG47: =Z47-SUMIF('Pay Table'!F7:F16,">"&'Pay Table'!E6,AA48:AA61) -> 0 | AH47: =AB47 -> 0 | AI47: =SUM(AF47:AH47) -> 0 | BB47: =IFERROR($BC$3&VLOOKUP(B49,'Pay Table'!$M$3:$N$18,2,FALSE)&$BB$3&C49&$BD$3,"") -> [8,100] | BC47: =IFERROR($BC$3&VLOOKUP(D49,'Pay Table'!$M$3:$N$18,2,FALSE)&$BB$3&E49&$BD$3,"") -> [8,100] | BD47: =IFERROR($BC$3&VLOOKUP(F49,'Pay Table'!$M$3:$N$18,2,FALSE)&$BB$3&G49&$BD$3,"") -> [8,100] | BE47: =IFERROR($BC$3&VLOOKUP(H49,'Pay Table'!$M$3:$N$18,2,FALSE)&$BB$3&I49&$BD$3,"") -> [7,210] | BF47: =IFERROR($BC$3&VLOOKUP(J49,'Pay Table'!$M$3:$N$18,2,FALSE)&$BB$3&K49&$BD$3,"") -> [3,100]
A48: 43 | B48: LINK | C48: 100 | D48: M1 | E48: 100 | F48: K | G48: 100 | H48: J | I48: 210 | J48: M4 | K48: 100 | N48: =N29 -> M1 | O48: =$O$7*(P8)*($Q$22-Q8-$Q$7)*$R$22*$S$22 -> 0 | P48: =$O$7*(P8)*(Q8+$Q$7)*($R$22-R8-$R$7)*$S$22 -> 0 | Q48: =$O$7*(P8)*($Q$7+Q8)*($R$7+R8)*($S$22-S8-$S$7) -> 0 | R48: =$O$7*(P8)*($Q$7+Q8)*($R$7+R8)*($S$7+S8) -> 0 | T48: =$O$7*$P$7*(Q8)*($R$22-R8-$R$7)*$S$22 -> 0 | U48: =$O$7*$P$7*(Q8)*($R$7+R8)*($S$22-S8-$S$7) -> 0 | V48: =$O$7*$P$7*(Q8)*($R$7+R8)*($S$7+S8) -> 0 | X48: =$O$7*$P$7*$Q$7*(R8)*($S$22-S8-$S$7) -> 0 | Y48: =$O$7*$P$7*$Q$7*(R8)*($S$7+S8) -> 0 | AA48: =$O$7*$P$7*$Q$7*$R$7*(S8) -> 0 | AD48: =N29 -> M1 | AE48: =O48 -> 0 | AF48: {=P48+IF('Pay Table'!D7>'Pay Table'!$C$6,T48,0)} -> 0 | AG48: =Q48+IF('Pay Table'!E7>'Pay Table'!$C$6,U48,0)+IF('Pay Table'!E7>'Pay Table'!$D$6,X48,0) -> 0 | AH48: {=R48+IF('Pay Table'!F7>'Pay Table'!$C$6,V48,0)+IF('Pay Table'!F7>'Pay Table'!$D$6,Y48,0)+IF('Pay Table'!F7>'Pay Table'!$E$6,AA48,0)} -> 0 | AI48: =SUM(AF48:AH48) -> 0 | BB48: =IFERROR($BC$3&VLOOKUP(B50,'Pay Table'!$M$3:$N$18,2,FALSE)&$BB$3&C50&$BD$3,"") -> [2,100] | BC48: =IFERROR($BC$3&VLOOKUP(D50,'Pay Table'!$M$3:$N$18,2,FALSE)&$BB$3&E50&$BD$3,"") -> [94,50] | BD48: =IFERROR($BC$3&VLOOKUP(F50,'Pay Table'!$M$3:$N$18,2,FALSE)&$BB$3&G50&$BD$3,"") -> [3,100] | BE48: =IFERROR($BC$3&VLOOKUP(H50,'Pay Table'!$M$3:$N$18,2,FALSE)&$BB$3&I50&$BD$3,"") -> [90,200] | BF48: =IFERROR($BC$3&VLOOKUP(J50,'Pay Table'!$M$3:$N$18,2,FALSE)&$BB$3&K50&$BD$3,"") -> [8,100]
A49: 44 | B49: J | C49: 100 | D49: J | E49: 100 | F49: J | G49: 100 | H49: Q | I49: 210 | J49: M4 | K49: 100 | N49: =N30 -> M2 | O49: =$O$7*(P9)*($Q$22-Q9-$Q$7)*$R$22*$S$22 -> 0 | P49: =$O$7*(P9)*(Q9+$Q$7)*($R$22-R9-$R$7)*$S$22 -> 0 | Q49: =$O$7*(P9)*($Q$7+Q9)*($R$7+R9)*($S$22-S9-$S$7) -> 0 | R49: =$O$7*(P9)*($Q$7+Q9)*($R$7+R9)*($S$7+S9) -> 0 | T49: =$O$7*$P$7*(Q9)*($R$22-R9-$R$7)*$S$22 -> 0 | U49: =$O$7*$P$7*(Q9)*($R$7+R9)*($S$22-S9-$S$7) -> 0 | V49: =$O$7*$P$7*(Q9)*($R$7+R9)*($S$7+S9) -> 0 | X49: =$O$7*$P$7*$Q$7*(R9)*($S$22-S9-$S$7) -> 0 | Y49: =$O$7*$P$7*$Q$7*(R9)*($S$7+S9) -> 0 | AA49: =$O$7*$P$7*$Q$7*$R$7*(S9) -> 0 | AD49: =N30 -> M2 | AE49: =O49 -> 0 | AF49: {=P49+IF('Pay Table'!D8>'Pay Table'!$C$6,T49,0)} -> 0 | AG49: =Q49+IF('Pay Table'!E8>'Pay Table'!$C$6,U49,0)+IF('Pay Table'!E8>'Pay Table'!$D$6,X49,0) -> 0 | AH49: {=R49+IF('Pay Table'!F8>'Pay Table'!$C$6,V49,0)+IF('Pay Table'!F8>'Pay Table'!$D$6,Y49,0)+IF('Pay Table'!F8>'Pay Table'!$E$6,AA49,0)} -> 0 | AI49: =SUM(AF49:AH49) -> 0 | BB49: =IFERROR($BC$3&VLOOKUP(B51,'Pay Table'!$M$3:$N$18,2,FALSE)&$BB$3&C51&$BD$3,"") -> [1,100] | BC49: =IFERROR($BC$3&VLOOKUP(D51,'Pay Table'!$M$3:$N$18,2,FALSE)&$BB$3&E51&$BD$3,"") -> [2,100] | BD49: =IFERROR($BC$3&VLOOKUP(F51,'Pay Table'!$M$3:$N$18,2,FALSE)&$BB$3&G51&$BD$3,"") -> [4,100] | BE49: =IFERROR($BC$3&VLOOKUP(H51,'Pay Table'!$M$3:$N$18,2,FALSE)&$BB$3&I51&$BD$3,"") -> [6,100] | BF49: =IFERROR($BC$3&VLOOKUP(J51,'Pay Table'!$M$3:$N$18,2,FALSE)&$BB$3&K51&$BD$3,"") -> [0,100]
A50: 45 | B50: M3 | C50: 100 | D50: LINK | E50: 50 | F50: M4 | G50: 100 | H50: SCATTER | I50: 200 | J50: J | K50: 100 | N50: =N31 -> M3 | O50: =$O$7*(P10)*($Q$22-Q10-$Q$7)*$R$22*$S$22 -> 0 | P50: =$O$7*(P10)*(Q10+$Q$7)*($R$22-R10-$R$7)*$S$22 -> 0 | Q50: =$O$7*(P10)*($Q$7+Q10)*($R$7+R10)*($S$22-S10-$S$7) -> 0 | R50: =$O$7*(P10)*($Q$7+Q10)*($R$7+R10)*($S$7+S10) -> 0 | T50: =$O$7*$P$7*(Q10)*($R$22-R10-$R$7)*$S$22 -> 0 | U50: =$O$7*$P$7*(Q10)*($R$7+R10)*($S$22-S10-$S$7) -> 0 | V50: =$O$7*$P$7*(Q10)*($R$7+R10)*($S$7+S10) -> 0 | X50: =$O$7*$P$7*$Q$7*(R10)*($S$22-S10-$S$7) -> 0 | Y50: =$O$7*$P$7*$Q$7*(R10)*($S$7+S10) -> 0 | AA50: =$O$7*$P$7*$Q$7*$R$7*(S10) -> 0 | AD50: =N31 -> M3 | AE50: =O50 -> 0 | AF50: {=P50+IF('Pay Table'!D9>'Pay Table'!$C$6,T50,0)} -> 0 | AG50: =Q50+IF('Pay Table'!E9>'Pay Table'!$C$6,U50,0)+IF('Pay Table'!E9>'Pay Table'!$D$6,X50,0) -> 0 | AH50: {=R50+IF('Pay Table'!F9>'Pay Table'!$C$6,V50,0)+IF('Pay Table'!F9>'Pay Table'!$D$6,Y50,0)+IF('Pay Table'!F9>'Pay Table'!$E$6,AA50,0)} -> 0 | AI50: =SUM(AF50:AH50) -> 0 | BB50: =IFERROR($BC$3&VLOOKUP(B52,'Pay Table'!$M$3:$N$18,2,FALSE)&$BB$3&C52&$BD$3,"") -> [1,100] | BC50: =IFERROR($BC$3&VLOOKUP(D52,'Pay Table'!$M$3:$N$18,2,FALSE)&$BB$3&E52&$BD$3,"") -> [94,100] | BD50: =IFERROR($BC$3&VLOOKUP(F52,'Pay Table'!$M$3:$N$18,2,FALSE)&$BB$3&G52&$BD$3,"") -> [3,100] | BE50: =IFERROR($BC$3&VLOOKUP(H52,'Pay Table'!$M$3:$N$18,2,FALSE)&$BB$3&I52&$BD$3,"") -> [3,100] | BF50: =IFERROR($BC$3&VLOOKUP(J52,'Pay Table'!$M$3:$N$18,2,FALSE)&$BB$3&K52&$BD$3,"") -> [0,100]
A51: 46 | B51: M2 | C51: 100 | D51: M3 | E51: 100 | F51: M5 | G51: 100 | H51: K | I51: 100 | J51: M1 | K51: 100 | N51: =N32 -> M4 | O51: =$O$7*(P11)*($Q$22-Q11-$Q$7)*$R$22*$S$22 -> 0 | P51: =$O$7*(P11)*(Q11+$Q$7)*($R$22-R11-$R$7)*$S$22 -> 0 | Q51: =$O$7*(P11)*($Q$7+Q11)*($R$7+R11)*($S$22-S11-$S$7) -> 0 | R51: =$O$7*(P11)*($Q$7+Q11)*($R$7+R11)*($S$7+S11) -> 0 | T51: =$O$7*$P$7*(Q11)*($R$22-R11-$R$7)*$S$22 -> 0 | U51: =$O$7*$P$7*(Q11)*($R$7+R11)*($S$22-S11-$S$7) -> 0 | V51: =$O$7*$P$7*(Q11)*($R$7+R11)*($S$7+S11) -> 0 | X51: =$O$7*$P$7*$Q$7*(R11)*($S$22-S11-$S$7) -> 0 | Y51: =$O$7*$P$7*$Q$7*(R11)*($S$7+S11) -> 0 | AA51: =$O$7*$P$7*$Q$7*$R$7*(S11) -> 0 | AD51: =N32 -> M4 | AE51: =O51 -> 0 | AF51: {=P51+IF('Pay Table'!D10>'Pay Table'!$C$6,T51,0)} -> 0 | AG51: =Q51+IF('Pay Table'!E10>'Pay Table'!$C$6,U51,0)+IF('Pay Table'!E10>'Pay Table'!$D$6,X51,0) -> 0 | AH51: {=R51+IF('Pay Table'!F10>'Pay Table'!$C$6,V51,0)+IF('Pay Table'!F10>'Pay Table'!$D$6,Y51,0)+IF('Pay Table'!F10>'Pay Table'!$E$6,AA51,0)} -> 0 | AI51: =SUM(AF51:AH51) -> 0 | BB51: =IFERROR($BC$3&VLOOKUP(B53,'Pay Table'!$M$3:$N$18,2,FALSE)&$BB$3&C53&$BD$3,"") -> [7,100] | BC51: =IFERROR($BC$3&VLOOKUP(D53,'Pay Table'!$M$3:$N$18,2,FALSE)&$BB$3&E53&$BD$3,"") -> [4,100] | BD51: =IFERROR($BC$3&VLOOKUP(F53,'Pay Table'!$M$3:$N$18,2,FALSE)&$BB$3&G53&$BD$3,"") -> [6,180] | BE51: =IFERROR($BC$3&VLOOKUP(H53,'Pay Table'!$M$3:$N$18,2,FALSE)&$BB$3&I53&$BD$3,"") -> [6,100] | BF51: =IFERROR($BC$3&VLOOKUP(J53,'Pay Table'!$M$3:$N$18,2,FALSE)&$BB$3&K53&$BD$3,"") -> [0,100]
A52: 47 | B52: M2 | C52: 100 | D52: LINK | E52: 100 | F52: M4 | G52: 100 | H52: M4 | I52: 100 | J52: M1 | K52: 100 | N52: =N33 -> M5 | O52: =$O$7*(P12)*($Q$22-Q12-$Q$7)*$R$22*$S$22 -> 0 | P52: =$O$7*(P12)*(Q12+$Q$7)*($R$22-R12-$R$7)*$S$22 -> 0 | Q52: =$O$7*(P12)*($Q$7+Q12)*($R$7+R12)*($S$22-S12-$S$7) -> 0 | R52: =$O$7*(P12)*($Q$7+Q12)*($R$7+R12)*($S$7+S12) -> 0 | T52: =$O$7*$P$7*(Q12)*($R$22-R12-$R$7)*$S$22 -> 0 | U52: =$O$7*$P$7*(Q12)*($R$7+R12)*($S$22-S12-$S$7) -> 0 | V52: =$O$7*$P$7*(Q12)*($R$7+R12)*($S$7+S12) -> 0 | X52: =$O$7*$P$7*$Q$7*(R12)*($S$22-S12-$S$7) -> 0 | Y52: =$O$7*$P$7*$Q$7*(R12)*($S$7+S12) -> 0 | AA52: =$O$7*$P$7*$Q$7*$R$7*(S12) -> 0 | AD52: =N33 -> M5 | AE52: =O52 -> 0 | AF52: {=P52+IF('Pay Table'!D11>'Pay Table'!$C$6,T52,0)} -> 0 | AG52: =Q52+IF('Pay Table'!E11>'Pay Table'!$C$6,U52,0)+IF('Pay Table'!E11>'Pay Table'!$D$6,X52,0) -> 0 | AH52: {=R52+IF('Pay Table'!F11>'Pay Table'!$C$6,V52,0)+IF('Pay Table'!F11>'Pay Table'!$D$6,Y52,0)+IF('Pay Table'!F11>'Pay Table'!$E$6,AA52,0)} -> 0 | AI52: =SUM(AF52:AH52) -> 0 | BB52: =IFERROR($BC$3&VLOOKUP(B54,'Pay Table'!$M$3:$N$18,2,FALSE)&$BB$3&C54&$BD$3,"") -> [3,100] | BC52: =IFERROR($BC$3&VLOOKUP(D54,'Pay Table'!$M$3:$N$18,2,FALSE)&$BB$3&E54&$BD$3,"") -> [4,200] | BD52: =IFERROR($BC$3&VLOOKUP(F54,'Pay Table'!$M$3:$N$18,2,FALSE)&$BB$3&G54&$BD$3,"") -> [90,195] | BE52: =IFERROR($BC$3&VLOOKUP(H54,'Pay Table'!$M$3:$N$18,2,FALSE)&$BB$3&I54&$BD$3,"") -> [1,100] | BF52: =IFERROR($BC$3&VLOOKUP(J54,'Pay Table'!$M$3:$N$18,2,FALSE)&$BB$3&K54&$BD$3,"") -> [92,100]
A53: 48 | B53: Q | C53: 100 | D53: M5 | E53: 100 | F53: K | G53: 180 | H53: K | I53: 100 | J53: M1 | K53: 100 | N53: =N34 -> A | O53: =$O$7*(P13)*($Q$22-Q13-$Q$7)*$R$22*$S$22 -> 0 | P53: =$O$7*(P13)*(Q13+$Q$7)*($R$22-R13-$R$7)*$S$22 -> 0 | Q53: =$O$7*(P13)*($Q$7+Q13)*($R$7+R13)*($S$22-S13-$S$7) -> 0 | R53: =$O$7*(P13)*($Q$7+Q13)*($R$7+R13)*($S$7+S13) -> 0 | T53: =$O$7*$P$7*(Q13)*($R$22-R13-$R$7)*$S$22 -> 0 | U53: =$O$7*$P$7*(Q13)*($R$7+R13)*($S$22-S13-$S$7) -> 0 | V53: =$O$7*$P$7*(Q13)*($R$7+R13)*($S$7+S13) -> 0 | X53: =$O$7*$P$7*$Q$7*(R13)*($S$22-S13-$S$7) -> 0 | Y53: =$O$7*$P$7*$Q$7*(R13)*($S$7+S13) -> 0 | AA53: =$O$7*$P$7*$Q$7*$R$7*(S13) -> 0 | AD53: =N34 -> A | AE53: =O53 -> 0 | AF53: {=P53+IF('Pay Table'!D12>'Pay Table'!$C$6,T53,0)} -> 0 | AG53: =Q53+IF('Pay Table'!E12>'Pay Table'!$C$6,U53,0)+IF('Pay Table'!E12>'Pay Table'!$D$6,X53,0) -> 0 | AH53: {=R53+IF('Pay Table'!F12>'Pay Table'!$C$6,V53,0)+IF('Pay Table'!F12>'Pay Table'!$D$6,Y53,0)+IF('Pay Table'!F12>'Pay Table'!$E$6,AA53,0)} -> 0 | AI53: =SUM(AF53:AH53) -> 0 | BB53: =IFERROR($BC$3&VLOOKUP(B55,'Pay Table'!$M$3:$N$18,2,FALSE)&$BB$3&C55&$BD$3,"") -> [6,100] | BC53: =IFERROR($BC$3&VLOOKUP(D55,'Pay Table'!$M$3:$N$18,2,FALSE)&$BB$3&E55&$BD$3,"") -> [92,100] | BD53: =IFERROR($BC$3&VLOOKUP(F55,'Pay Table'!$M$3:$N$18,2,FALSE)&$BB$3&G55&$BD$3,"") -> [8,100] | BE53: =IFERROR($BC$3&VLOOKUP(H55,'Pay Table'!$M$3:$N$18,2,FALSE)&$BB$3&I55&$BD$3,"") -> [1,100] | BF53: =IFERROR($BC$3&VLOOKUP(J55,'Pay Table'!$M$3:$N$18,2,FALSE)&$BB$3&K55&$BD$3,"") -> [4,100]
A54: 49 | B54: M4 | C54: 100 | D54: M5 | E54: 200 | F54: SCATTER | G54: 195 | H54: M2 | I54: 100 | J54: WILD | K54: 100 | N54: =N35 -> K | O54: =$O$7*(P14)*($Q$22-Q14-$Q$7)*$R$22*$S$22 -> 0 | P54: =$O$7*(P14)*(Q14+$Q$7)*($R$22-R14-$R$7)*$S$22 -> 0 | Q54: =$O$7*(P14)*($Q$7+Q14)*($R$7+R14)*($S$22-S14-$S$7) -> 0 | R54: =$O$7*(P14)*($Q$7+Q14)*($R$7+R14)*($S$7+S14) -> 0 | T54: =$O$7*$P$7*(Q14)*($R$22-R14-$R$7)*$S$22 -> 0 | U54: =$O$7*$P$7*(Q14)*($R$7+R14)*($S$22-S14-$S$7) -> 0 | V54: =$O$7*$P$7*(Q14)*($R$7+R14)*($S$7+S14) -> 0 | X54: =$O$7*$P$7*$Q$7*(R14)*($S$22-S14-$S$7) -> 0 | Y54: =$O$7*$P$7*$Q$7*(R14)*($S$7+S14) -> 0 | AA54: =$O$7*$P$7*$Q$7*$R$7*(S14) -> 0 | AD54: =N35 -> K | AE54: =O54 -> 0 | AF54: {=P54+IF('Pay Table'!D13>'Pay Table'!$C$6,T54,0)} -> 0 | AG54: =Q54+IF('Pay Table'!E13>'Pay Table'!$C$6,U54,0)+IF('Pay Table'!E13>'Pay Table'!$D$6,X54,0) -> 0 | AH54: {=R54+IF('Pay Table'!F13>'Pay Table'!$C$6,V54,0)+IF('Pay Table'!F13>'Pay Table'!$D$6,Y54,0)+IF('Pay Table'!F13>'Pay Table'!$E$6,AA54,0)} -> 0 | AI54: =SUM(AF54:AH54) -> 0 | BB54: =IFERROR($BC$3&VLOOKUP(B56,'Pay Table'!$M$3:$N$18,2,FALSE)&$BB$3&C56&$BD$3,"") -> [7,100] | BC54: =IFERROR($BC$3&VLOOKUP(D56,'Pay Table'!$M$3:$N$18,2,FALSE)&$BB$3&E56&$BD$3,"") -> [6,100] | BD54: =IFERROR($BC$3&VLOOKUP(F56,'Pay Table'!$M$3:$N$18,2,FALSE)&$BB$3&G56&$BD$3,"") -> [0,100] | BE54: =IFERROR($BC$3&VLOOKUP(H56,'Pay Table'!$M$3:$N$18,2,FALSE)&$BB$3&I56&$BD$3,"") -> [8,100] | BF54: =IFERROR($BC$3&VLOOKUP(J56,'Pay Table'!$M$3:$N$18,2,FALSE)&$BB$3&K56&$BD$3,"") -> [1,100]
A55: 50 | B55: K | C55: 100 | D55: WILD | E55: 100 | F55: J | G55: 100 | H55: M2 | I55: 100 | J55: M5 | K55: 100 | N55: =N36 -> Q | O55: =$O$7*(P15)*($Q$22-Q15-$Q$7)*$R$22*$S$22 -> 0 | P55: =$O$7*(P15)*(Q15+$Q$7)*($R$22-R15-$R$7)*$S$22 -> 0 | Q55: =$O$7*(P15)*($Q$7+Q15)*($R$7+R15)*($S$22-S15-$S$7) -> 0 | R55: =$O$7*(P15)*($Q$7+Q15)*($R$7+R15)*($S$7+S15) -> 0 | T55: =$O$7*$P$7*(Q15)*($R$22-R15-$R$7)*$S$22 -> 0 | U55: =$O$7*$P$7*(Q15)*($R$7+R15)*($S$22-S15-$S$7) -> 0 | V55: =$O$7*$P$7*(Q15)*($R$7+R15)*($S$7+S15) -> 0 | X55: =$O$7*$P$7*$Q$7*(R15)*($S$22-S15-$S$7) -> 0 | Y55: =$O$7*$P$7*$Q$7*(R15)*($S$7+S15) -> 0 | AA55: =$O$7*$P$7*$Q$7*$R$7*(S15) -> 0 | AD55: =N36 -> Q | AE55: =O55 -> 0 | AF55: {=P55+IF('Pay Table'!D14>'Pay Table'!$C$6,T55,0)} -> 0 | AG55: =Q55+IF('Pay Table'!E14>'Pay Table'!$C$6,U55,0)+IF('Pay Table'!E14>'Pay Table'!$D$6,X55,0) -> 0 | AH55: {=R55+IF('Pay Table'!F14>'Pay Table'!$C$6,V55,0)+IF('Pay Table'!F14>'Pay Table'!$D$6,Y55,0)+IF('Pay Table'!F14>'Pay Table'!$E$6,AA55,0)} -> 0 | AI55: =SUM(AF55:AH55) -> 0 | BB55: =IFERROR($BC$3&VLOOKUP(B57,'Pay Table'!$M$3:$N$18,2,FALSE)&$BB$3&C57&$BD$3,"") -> [2,100] | BC55: =IFERROR($BC$3&VLOOKUP(D57,'Pay Table'!$M$3:$N$18,2,FALSE)&$BB$3&E57&$BD$3,"") -> [4,100] | BD55: =IFERROR($BC$3&VLOOKUP(F57,'Pay Table'!$M$3:$N$18,2,FALSE)&$BB$3&G57&$BD$3,"") -> [92,100] | BE55: =IFERROR($BC$3&VLOOKUP(H57,'Pay Table'!$M$3:$N$18,2,FALSE)&$BB$3&I57&$BD$3,"") -> [94,15] | BF55: =IFERROR($BC$3&VLOOKUP(J57,'Pay Table'!$M$3:$N$18,2,FALSE)&$BB$3&K57&$BD$3,"") -> [3,100]
A56: 51 | B56: Q | C56: 100 | D56: K | E56: 100 | F56: M1 | G56: 100 | H56: J | I56: 100 | J56: M2 | K56: 100 | N56: =N37 -> J | O56: =$O$7*(P16)*($Q$22-Q16-$Q$7)*$R$22*$S$22 -> 0 | P56: =$O$7*(P16)*(Q16+$Q$7)*($R$22-R16-$R$7)*$S$22 -> 0 | Q56: =$O$7*(P16)*($Q$7+Q16)*($R$7+R16)*($S$22-S16-$S$7) -> 0 | R56: =$O$7*(P16)*($Q$7+Q16)*($R$7+R16)*($S$7+S16) -> 0 | T56: =$O$7*$P$7*(Q16)*($R$22-R16-$R$7)*$S$22 -> 0 | U56: =$O$7*$P$7*(Q16)*($R$7+R16)*($S$22-S16-$S$7) -> 0 | V56: =$O$7*$P$7*(Q16)*($R$7+R16)*($S$7+S16) -> 0 | X56: =$O$7*$P$7*$Q$7*(R16)*($S$22-S16-$S$7) -> 0 | Y56: =$O$7*$P$7*$Q$7*(R16)*($S$7+S16) -> 0 | AA56: =$O$7*$P$7*$Q$7*$R$7*(S16) -> 0 | AD56: =N37 -> J | AE56: =O56 -> 0 | AF56: {=P56+IF('Pay Table'!D15>'Pay Table'!$C$6,T56,0)} -> 0 | AG56: =Q56+IF('Pay Table'!E15>'Pay Table'!$C$6,U56,0)+IF('Pay Table'!E15>'Pay Table'!$D$6,X56,0) -> 0 | AH56: {=R56+IF('Pay Table'!F15>'Pay Table'!$C$6,V56,0)+IF('Pay Table'!F15>'Pay Table'!$D$6,Y56,0)+IF('Pay Table'!F15>'Pay Table'!$E$6,AA56,0)} -> 0 | AI56: =SUM(AF56:AH56) -> 0 | BB56: =IFERROR($BC$3&VLOOKUP(B58,'Pay Table'!$M$3:$N$18,2,FALSE)&$BB$3&C58&$BD$3,"") -> [4,100] | BC56: =IFERROR($BC$3&VLOOKUP(D58,'Pay Table'!$M$3:$N$18,2,FALSE)&$BB$3&E58&$BD$3,"") -> [0,100] | BD56: =IFERROR($BC$3&VLOOKUP(F58,'Pay Table'!$M$3:$N$18,2,FALSE)&$BB$3&G58&$BD$3,"") -> [5,100] | BE56: =IFERROR($BC$3&VLOOKUP(H58,'Pay Table'!$M$3:$N$18,2,FALSE)&$BB$3&I58&$BD$3,"") -> [94,25] | BF56: =IFERROR($BC$3&VLOOKUP(J58,'Pay Table'!$M$3:$N$18,2,FALSE)&$BB$3&K58&$BD$3,"") -> [4,100]
A57: 52 | B57: M3 | C57: 100 | D57: M5 | E57: 100 | F57: WILD | G57: 100 | H57: LINK | I57: 15 | J57: M4 | K57: 100 | N57: =N38 -> SCATTER | O57: =$O$7*(P17)*($Q$22-Q17-$Q$7)*$R$22*$S$22 -> 0 | P57: =$O$7*(P17)*(Q17+$Q$7)*($R$22-R17-$R$7)*$S$22 -> 0 | Q57: =$O$7*(P17)*($Q$7+Q17)*($R$7+R17)*($S$22-S17-$S$7) -> 0 | R57: =$O$7*(P17)*($Q$7+Q17)*($R$7+R17)*($S$7+S17) -> 0 | T57: =$O$7*$P$7*(Q17)*($R$22-R17-$R$7)*$S$22 -> 0 | U57: =$O$7*$P$7*(Q17)*($R$7+R17)*($S$22-S17-$S$7) -> 0 | V57: =$O$7*$P$7*(Q17)*($R$7+R17)*($S$7+S17) -> 0 | X57: =$O$7*$P$7*$Q$7*(R17)*($S$22-S17-$S$7) -> 0 | Y57: =$O$7*$P$7*$Q$7*(R17)*($S$7+S17) -> 0 | AA57: =$O$7*$P$7*$Q$7*$R$7*(S17) -> 0 | AD57: =N38 -> SCATTER | AE57: =O57 -> 0 | AF57: {=P57+IF('Pay Table'!D16>'Pay Table'!$C$6,T57,0)} -> 0 | AG57: =Q57+IF('Pay Table'!E16>'Pay Table'!$C$6,U57,0)+IF('Pay Table'!E16>'Pay Table'!$D$6,X57,0) -> 0 | AH57: {=R57+IF('Pay Table'!F16>'Pay Table'!$C$6,V57,0)+IF('Pay Table'!F16>'Pay Table'!$D$6,Y57,0)+IF('Pay Table'!F16>'Pay Table'!$E$6,AA57,0)} -> 0 | AI57: =SUM(AF57:AH57) -> 0 | BB57: =IFERROR($BC$3&VLOOKUP(B59,'Pay Table'!$M$3:$N$18,2,FALSE)&$BB$3&C59&$BD$3,"") -> [4,100] | BC57: =IFERROR($BC$3&VLOOKUP(D59,'Pay Table'!$M$3:$N$18,2,FALSE)&$BB$3&E59&$BD$3,"") -> [0,100] | BD57: =IFERROR($BC$3&VLOOKUP(F59,'Pay Table'!$M$3:$N$18,2,FALSE)&$BB$3&G59&$BD$3,"") -> [94,15] | BE57: =IFERROR($BC$3&VLOOKUP(H59,'Pay Table'!$M$3:$N$18,2,FALSE)&$BB$3&I59&$BD$3,"") -> [94,50] | BF57: =IFERROR($BC$3&VLOOKUP(J59,'Pay Table'!$M$3:$N$18,2,FALSE)&$BB$3&K59&$BD$3,"") -> [4,100]
A58: 53 | B58: M5 | C58: 100 | D58: M1 | E58: 100 | F58: A | G58: 100 | H58: LINK | I58: 25 | J58: M5 | K58: 100 | N58: =N39 -> 0 | O58: =$O$7*(P18)*($Q$22-Q18-$Q$7)*$R$22*$S$22 -> 0 | P58: =$O$7*(P18)*(Q18+$Q$7)*($R$22-R18-$R$7)*$S$22 -> 0 | Q58: =$O$7*(P18)*($Q$7+Q18)*($R$7+R18)*($S$22-S18-$S$7) -> 0 | R58: =$O$7*(P18)*($Q$7+Q18)*($R$7+R18)*($S$7+S18) -> 0 | T58: =$O$7*$P$7*(Q18)*($R$22-R18-$R$7)*$S$22 -> 0 | U58: =$O$7*$P$7*(Q18)*($R$7+R18)*($S$22-S18-$S$7) -> 0 | V58: =$O$7*$P$7*(Q18)*($R$7+R18)*($S$7+S18) -> 0 | X58: =$O$7*$P$7*$Q$7*(R18)*($S$22-S18-$S$7) -> 0 | Y58: =$O$7*$P$7*$Q$7*(R18)*($S$7+S18) -> 0 | AA58: =$O$7*$P$7*$Q$7*$R$7*(S18) -> 0 | AD58: =N39 -> 0 | AE58: =O58 -> 0 | AF58: {=P58+IF('Pay Table'!D19>'Pay Table'!$C$6,T58,0)} -> 0 | AG58: =Q58+IF('Pay Table'!E19>'Pay Table'!$C$6,U58,0)+IF('Pay Table'!E19>'Pay Table'!$D$6,X58,0) -> 0 | AH58: {=R58+IF('Pay Table'!F19>'Pay Table'!$C$6,V58,0)+IF('Pay Table'!F19>'Pay Table'!$D$6,Y58,0)+IF('Pay Table'!F19>'Pay Table'!$E$6,AA58,0)} -> 0 | AI58: =SUM(AF58:AH58) -> 0 | BB58: =IFERROR($BC$3&VLOOKUP(B60,'Pay Table'!$M$3:$N$18,2,FALSE)&$BB$3&C60&$BD$3,"") -> [0,100] | BC58: =IFERROR($BC$3&VLOOKUP(D60,'Pay Table'!$M$3:$N$18,2,FALSE)&$BB$3&E60&$BD$3,"") -> [0,100] | BD58: =IFERROR($BC$3&VLOOKUP(F60,'Pay Table'!$M$3:$N$18,2,FALSE)&$BB$3&G60&$BD$3,"") -> [94,25] | BE58: =IFERROR($BC$3&VLOOKUP(H60,'Pay Table'!$M$3:$N$18,2,FALSE)&$BB$3&I60&$BD$3,"") -> [5,100] | BF58: =IFERROR($BC$3&VLOOKUP(J60,'Pay Table'!$M$3:$N$18,2,FALSE)&$BB$3&K60&$BD$3,"") -> [0,100]
A59: 54 | B59: M5 | C59: 100 | D59: M1 | E59: 100 | F59: LINK | G59: 15 | H59: LINK | I59: 50 | J59: M5 | K59: 100 | N59: =N40 -> 0 | O59: =$O$7*(P19)*($Q$22-Q19-$Q$7)*$R$22*$S$22 -> 0 | P59: =$O$7*(P19)*(Q19+$Q$7)*($R$22-R19-$R$7)*$S$22 -> 0 | Q59: =$O$7*(P19)*($Q$7+Q19)*($R$7+R19)*($S$22-S19-$S$7) -> 0 | R59: =$O$7*(P19)*($Q$7+Q19)*($R$7+R19)*($S$7+S19) -> 0 | T59: =$O$7*$P$7*(Q19)*($R$22-R19-$R$7)*$S$22 -> 0 | U59: =$O$7*$P$7*(Q19)*($R$7+R19)*($S$22-S19-$S$7) -> 0 | V59: =$O$7*$P$7*(Q19)*($R$7+R19)*($S$7+S19) -> 0 | X59: =$O$7*$P$7*$Q$7*(R19)*($S$22-S19-$S$7) -> 0 | Y59: =$O$7*$P$7*$Q$7*(R19)*($S$7+S19) -> 0 | AA59: =$O$7*$P$7*$Q$7*$R$7*(S19) -> 0 | AD59: =N40 -> 0 | AE59: =O59 -> 0 | AF59: {=P59+IF('Pay Table'!D20>'Pay Table'!$C$6,T59,0)} -> 0 | AG59: =Q59+IF('Pay Table'!E20>'Pay Table'!$C$6,U59,0)+IF('Pay Table'!E20>'Pay Table'!$D$6,X59,0) -> 0 | AH59: {=R59+IF('Pay Table'!F20>'Pay Table'!$C$6,V59,0)+IF('Pay Table'!F20>'Pay Table'!$D$6,Y59,0)+IF('Pay Table'!F20>'Pay Table'!$E$6,AA59,0)} -> 0 | AI59: =SUM(AI47:AI58) -> 0 | BB59: =IFERROR($BC$3&VLOOKUP(B61,'Pay Table'!$M$3:$N$18,2,FALSE)&$BB$3&C61&$BD$3,"") -> [5,100] | BC59: =IFERROR($BC$3&VLOOKUP(D61,'Pay Table'!$M$3:$N$18,2,FALSE)&$BB$3&E61&$BD$3,"") -> [5,100] | BD59: =IFERROR($BC$3&VLOOKUP(F61,'Pay Table'!$M$3:$N$18,2,FALSE)&$BB$3&G61&$BD$3,"") -> [94,50] | BE59: =IFERROR($BC$3&VLOOKUP(H61,'Pay Table'!$M$3:$N$18,2,FALSE)&$BB$3&I61&$BD$3,"") -> [3,100] | BF59: =IFERROR($BC$3&VLOOKUP(J61,'Pay Table'!$M$3:$N$18,2,FALSE)&$BB$3&K61&$BD$3,"") -> [0,100]
A60: 55 | B60: M1 | C60: 100 | D60: M1 | E60: 100 | F60: LINK | G60: 25 | H60: A | I60: 100 | J60: M1 | K60: 100 | N60: =N41 -> 0 | O60: =$O$7*(P20)*($Q$22-Q20-$Q$7)*$R$22*$S$22 -> 0 | P60: =$O$7*(P20)*(Q20+$Q$7)*($R$22-R20-$R$7)*$S$22 -> 0 | Q60: =$O$7*(P20)*($Q$7+Q20)*($R$7+R20)*($S$22-S20-$S$7) -> 0 | R60: =$O$7*(P20)*($Q$7+Q20)*($R$7+R20)*($S$7+S20) -> 0 | T60: =$O$7*$P$7*(Q20)*($R$22-R20-$R$7)*$S$22 -> 0 | U60: =$O$7*$P$7*(Q20)*($R$7+R20)*($S$22-S20-$S$7) -> 0 | V60: =$O$7*$P$7*(Q20)*($R$7+R20)*($S$7+S20) -> 0 | X60: =$O$7*$P$7*$Q$7*(R20)*($S$22-S20-$S$7) -> 0 | Y60: =$O$7*$P$7*$Q$7*(R20)*($S$7+S20) -> 0 | AA60: =$O$7*$P$7*$Q$7*$R$7*(S20) -> 0 | AD60: =N41 -> 0 | AE60: =O60 -> 0 | AF60: {=P60+IF('Pay Table'!D21>'Pay Table'!$C$6,T60,0)} -> 0 | AG60: =Q60+IF('Pay Table'!E21>'Pay Table'!$C$6,U60,0)+IF('Pay Table'!E21>'Pay Table'!$D$6,X60,0) -> 0 | AH60: {=R60+IF('Pay Table'!F21>'Pay Table'!$C$6,V60,0)+IF('Pay Table'!F21>'Pay Table'!$D$6,Y60,0)+IF('Pay Table'!F21>'Pay Table'!$E$6,AA60,0)} -> 0 | AI60: =SUM(AI48:AI59) -> 0 | BB60: =IFERROR($BC$3&VLOOKUP(B62,'Pay Table'!$M$3:$N$18,2,FALSE)&$BB$3&C62&$BD$3,"") -> [2,100] | BC60: =IFERROR($BC$3&VLOOKUP(D62,'Pay Table'!$M$3:$N$18,2,FALSE)&$BB$3&E62&$BD$3,"") -> [2,100] | BD60: =IFERROR($BC$3&VLOOKUP(F62,'Pay Table'!$M$3:$N$18,2,FALSE)&$BB$3&G62&$BD$3,"") -> [6,100] | BE60: =IFERROR($BC$3&VLOOKUP(H62,'Pay Table'!$M$3:$N$18,2,FALSE)&$BB$3&I62&$BD$3,"") -> [7,100] | BF60: =IFERROR($BC$3&VLOOKUP(J62,'Pay Table'!$M$3:$N$18,2,FALSE)&$BB$3&K62&$BD$3,"") -> [0,100]
A61: 56 | B61: A | C61: 100 | D61: A | E61: 100 | F61: LINK | G61: 50 | H61: M4 | I61: 100 | J61: M1 | K61: 100 | N61: =N42 -> 0 | O61: =$O$7*(P21)*($Q$22-Q21-$Q$7)*$R$22*$S$22 -> 0 | P61: =$O$7*(P21)*(Q21+$Q$7)*($R$22-R21-$R$7)*$S$22 -> 0 | Q61: =$O$7*(P21)*($Q$7+Q21)*($R$7+R21)*($S$22-S21-$S$7) -> 0 | R61: =$O$7*(P21)*($Q$7+Q21)*($R$7+R21)*($S$7+S21) -> 0 | T61: =$O$7*$P$7*(Q21)*($R$22-R21-$R$7)*$S$22 -> 0 | U61: =$O$7*$P$7*(Q21)*($R$7+R21)*($S$22-S21-$S$7) -> 0 | V61: =$O$7*$P$7*(Q21)*($R$7+R21)*($S$7+S21) -> 0 | X61: =$O$7*$P$7*$Q$7*(R21)*($S$22-S21-$S$7) -> 0 | Y61: =$O$7*$P$7*$Q$7*(R21)*($S$7+S21) -> 0 | AA61: =$O$7*$P$7*$Q$7*$R$7*(S21) -> 0 | AD61: =N42 -> 0 | AE61: =O61 -> 0 | AF61: {=P61+IF('Pay Table'!D22>'Pay Table'!$C$6,T61,0)} -> 0 | AG61: =Q61+IF('Pay Table'!E22>'Pay Table'!$C$6,U61,0)+IF('Pay Table'!E22>'Pay Table'!$D$6,X61,0) -> 0 | AH61: {=R61+IF('Pay Table'!F22>'Pay Table'!$C$6,V61,0)+IF('Pay Table'!F22>'Pay Table'!$D$6,Y61,0)+IF('Pay Table'!F22>'Pay Table'!$E$6,AA61,0)} -> 0 | AI61: =SUM(AI49:AI60) -> 0 | BB61: =IFERROR($BC$3&VLOOKUP(B63,'Pay Table'!$M$3:$N$18,2,FALSE)&$BB$3&C63&$BD$3,"") -> [3,100] | BC61: =IFERROR($BC$3&VLOOKUP(D63,'Pay Table'!$M$3:$N$18,2,FALSE)&$BB$3&E63&$BD$3,"") -> [8,100] | BD61: =IFERROR($BC$3&VLOOKUP(F63,'Pay Table'!$M$3:$N$18,2,FALSE)&$BB$3&G63&$BD$3,"") | BE61: =IFERROR($BC$3&VLOOKUP(H63,'Pay Table'!$M$3:$N$18,2,FALSE)&$BB$3&I63&$BD$3,"") -> [8,100] | BF61: =IFERROR($BC$3&VLOOKUP(J63,'Pay Table'!$M$3:$N$18,2,FALSE)&$BB$3&K63&$BD$3,"") -> [7,100]
A62: 57 | B62: M3 | C62: 100 | D62: M3 | E62: 100 | F62: K | G62: 100 | H62: Q | I62: 100 | J62: M1 | K62: 100 | BB62: =IFERROR($BC$3&VLOOKUP(B64,'Pay Table'!$M$3:$N$18,2,FALSE)&$BB$3&C64&$BD$3,"") -> [5,100] | BC62: =IFERROR($BC$3&VLOOKUP(D64,'Pay Table'!$M$3:$N$18,2,FALSE)&$BB$3&E64&$BD$3,"") | BD62: =IFERROR($BC$3&VLOOKUP(F64,'Pay Table'!$M$3:$N$18,2,FALSE)&$BB$3&G64&$BD$3,"") | BE62: =IFERROR($BC$3&VLOOKUP(H64,'Pay Table'!$M$3:$N$18,2,FALSE)&$BB$3&I64&$BD$3,"") -> [7,100] | BF62: =IFERROR($BC$3&VLOOKUP(J64,'Pay Table'!$M$3:$N$18,2,FALSE)&$BB$3&K64&$BD$3,"") -> [1,100]
A63: 58 | B63: M4 | C63: 100 | D63: J | E63: 100 | H63: J | I63: 100 | J63: Q | K63: 100 | O63: 不含wild | U63: 1个wild | AA63: 2个wild | AF63: 3个wild | AJ63: 4个wild | BB63: =IFERROR($BC$3&VLOOKUP(B65,'Pay Table'!$M$3:$N$18,2,FALSE)&$BB$3&C65&$BD$3,"") -> [2,100] | BC63: =IFERROR($BC$3&VLOOKUP(D65,'Pay Table'!$M$3:$N$18,2,FALSE)&$BB$3&E65&$BD$3,"") | BD63: =IFERROR($BC$3&VLOOKUP(F65,'Pay Table'!$M$3:$N$18,2,FALSE)&$BB$3&G65&$BD$3,"") | BE63: =IFERROR($BC$3&VLOOKUP(H65,'Pay Table'!$M$3:$N$18,2,FALSE)&$BB$3&I65&$BD$3,"") -> [92,100] | BF63: =IFERROR($BC$3&VLOOKUP(J65,'Pay Table'!$M$3:$N$18,2,FALSE)&$BB$3&K65&$BD$3,"") -> [1,100]
A64: 59 | B64: A | C64: 100 | H64: Q | I64: 100 | J64: M2 | K64: 100 | N64: Symbol | O64: 2 | P64: 3 | Q64: 4 | R64: 5 | T64: Symbol | U64: 2 | V64: 3 | W64: 4 | X64: 5 | Z64: Symbol | AA64: 3 | AB64: 4 | AC64: 5 | AE64: Symbol | AF64: 4 | AG64: 5 | AI64: Symbol | AJ64: 5 | BB64: =IFERROR($BC$3&VLOOKUP(B66,'Pay Table'!$M$3:$N$18,2,FALSE)&$BB$3&C66&$BD$3,"") -> [3,100] | BC64: =IFERROR($BC$3&VLOOKUP(D66,'Pay Table'!$M$3:$N$18,2,FALSE)&$BB$3&E66&$BD$3,"") | BD64: =IFERROR($BC$3&VLOOKUP(F66,'Pay Table'!$M$3:$N$18,2,FALSE)&$BB$3&G66&$BD$3,"") | BE64: =IFERROR($BC$3&VLOOKUP(H66,'Pay Table'!$M$3:$N$18,2,FALSE)&$BB$3&I66&$BD$3,"") -> [7,100] | BF64: =IFERROR($BC$3&VLOOKUP(J66,'Pay Table'!$M$3:$N$18,2,FALSE)&$BB$3&K66&$BD$3,"") -> [1,100]
A65: 60 | B65: M3 | C65: 100 | H65: WILD | I65: 100 | J65: M2 | K65: 100 | N65: =N46 -> LINK | T65: =N65 -> LINK | Z65: =T65 -> LINK | AE65: =Z65 -> LINK | AI65: =AE65 -> LINK | BB65: =IFERROR($BC$3&VLOOKUP(B67,'Pay Table'!$M$3:$N$18,2,FALSE)&$BB$3&C67&$BD$3,"") | BC65: =IFERROR($BC$3&VLOOKUP(D67,'Pay Table'!$M$3:$N$18,2,FALSE)&$BB$3&E67&$BD$3,"") | BD65: =IFERROR($BC$3&VLOOKUP(F67,'Pay Table'!$M$3:$N$18,2,FALSE)&$BB$3&G67&$BD$3,"") | BE65: =IFERROR($BC$3&VLOOKUP(H67,'Pay Table'!$M$3:$N$18,2,FALSE)&$BB$3&I67&$BD$3,"") -> [8,100] | BF65: =IFERROR($BC$3&VLOOKUP(J67,'Pay Table'!$M$3:$N$18,2,FALSE)&$BB$3&K67&$BD$3,"") -> [7,100]
A66: 61 | B66: M4 | C66: 100 | H66: Q | I66: 100 | J66: M2 | K66: 100 | N66: =N47 -> WILD | O66: =AB28 -> 0 | P66: =AC28 -> 0 | Q66: =AD28 -> 0 | R66: =AE28 -> 0 | T66: =N66 -> WILD | Z66: =T66 -> WILD | AE66: =Z66 -> WILD | AI66: =AE66 -> WILD | BB66: =IFERROR($BC$3&VLOOKUP(B68,'Pay Table'!$M$3:$N$18,2,FALSE)&$BB$3&C68&$BD$3,"") | BC66: =IFERROR($BC$3&VLOOKUP(D68,'Pay Table'!$M$3:$N$18,2,FALSE)&$BB$3&E68&$BD$3,"") | BD66: =IFERROR($BC$3&VLOOKUP(F68,'Pay Table'!$M$3:$N$18,2,FALSE)&$BB$3&G68&$BD$3,"") | BE66: =IFERROR($BC$3&VLOOKUP(H68,'Pay Table'!$M$3:$N$18,2,FALSE)&$BB$3&I68&$BD$3,"") -> [6,100] | BF66: =IFERROR($BC$3&VLOOKUP(J68,'Pay Table'!$M$3:$N$18,2,FALSE)&$BB$3&K68&$BD$3,"") -> [6,100]
A67: 62 | H67: J | I67: 100 | J67: Q | K67: 100 | N67: =N48 -> M1 | O67: =AB29 -> 7.8809514e+16 | P67: =AC29 -> 1.3384016e+16 | Q67: =AD29 -> 1.4589878e+15 | R67: =AE29 -> 3.5618917e+14 | T67: =N67 -> M1 | U67: =AH29+O48 -> 6.0622703e+16 | V67: =AI29+P48 -> 1.4683599e+16 | W67: =AJ29+Q48 -> 2.0383514e+15 | X67: =AK29+R48 -> 580896750000000 | Z67: =T67 -> M1 | AA67: =AN29+IF('Pay Table'!D7>'Pay Table'!$C$6,T48,0) -> 3.37554e+15 | AB67: =AO29+IF('Pay Table'!E7>'Pay Table'!$C$6,U48,0) -> 8.4816317e+14 | AC67: =AP29+IF('Pay Table'!F7>'Pay Table'!$C$6,V48,0) -> 3.2339533e+14 | AE67: =Z67 -> M1 | AF67: =AS29+IF('Pay Table'!E7>'Pay Table'!$D$6,X48,0) -> 110390000000000 | AG67: =AT29+IF('Pay Table'!F7>'Pay Table'!$D$6,Y48,0) -> 7.5355e+13 | AI67: =AE67 -> M1 | AJ67: =AW29+IF('Pay Table'!F7>'Pay Table'!$E$6,AA48,0) -> 6.3e+12 | BB67: =IFERROR($BC$3&VLOOKUP(B69,'Pay Table'!$M$3:$N$18,2,FALSE)&$BB$3&C69&$BD$3,"") | BC67: =IFERROR($BC$3&VLOOKUP(D69,'Pay Table'!$M$3:$N$18,2,FALSE)&$BB$3&E69&$BD$3,"") | BD67: =IFERROR($BC$3&VLOOKUP(F69,'Pay Table'!$M$3:$N$18,2,FALSE)&$BB$3&G69&$BD$3,"") | BE67: =IFERROR($BC$3&VLOOKUP(H69,'Pay Table'!$M$3:$N$18,2,FALSE)&$BB$3&I69&$BD$3,"") -> [1,100] | BF67: =IFERROR($BC$3&VLOOKUP(J69,'Pay Table'!$M$3:$N$18,2,FALSE)&$BB$3&K69&$BD$3,"") -> [92,100]
A68: 63 | H68: K | I68: 100 | J68: K | K68: 100 | N68: =N49 -> M2 | O68: =AB30 -> 9.7260541e+16 | P68: =AC30 -> 1.2064707e+16 | Q68: =AD30 -> 1.5722456e+15 | R68: =AE30 -> 3.1791731e+14 | T68: =N68 -> M2 | U68: =AH30+O49 -> 4.5237461e+16 | V68: =AI30+P49 -> 1.0697317e+16 | W68: =AJ30+Q49 -> 1.810233e+15 | X68: =AK30+R49 -> 4.5274449e+14 | Z68: =T68 -> M2 | AA68: =AN30+IF('Pay Table'!D8>'Pay Table'!$C$6,T49,0) -> 2.3655e+15 | AB68: =AO30+IF('Pay Table'!E8>'Pay Table'!$C$6,U49,0) -> 677280000000000 | AC68: =AP30+IF('Pay Table'!F8>'Pay Table'!$C$6,V49,0) -> 2.3677903e+14 | AE68: =Z68 -> M2 | AF68: =AS30+IF('Pay Table'!E8>'Pay Table'!$D$6,X49,0) -> 81600000000000 | AG68: =AT30+IF('Pay Table'!F8>'Pay Table'!$D$6,Y49,0) -> 5.385e+13 | AI68: =AE68 -> M2 | AJ68: =AW30+IF('Pay Table'!F8>'Pay Table'!$E$6,AA49,0) -> 4.5e+12 | BB68: =IFERROR($BC$3&VLOOKUP(B70,'Pay Table'!$M$3:$N$18,2,FALSE)&$BB$3&C70&$BD$3,"") | BC68: =IFERROR($BC$3&VLOOKUP(D70,'Pay Table'!$M$3:$N$18,2,FALSE)&$BB$3&E70&$BD$3,"") | BD68: =IFERROR($BC$3&VLOOKUP(F70,'Pay Table'!$M$3:$N$18,2,FALSE)&$BB$3&G70&$BD$3,"") | BE68: =IFERROR($BC$3&VLOOKUP(H70,'Pay Table'!$M$3:$N$18,2,FALSE)&$BB$3&I70&$BD$3,"") -> [1,100] | BF68: =IFERROR($BC$3&VLOOKUP(J70,'Pay Table'!$M$3:$N$18,2,FALSE)&$BB$3&K70&$BD$3,"") -> [6,100]
A69: 64 | H69: M2 | I69: 100 | J69: WILD | K69: 100 | N69: =N50 -> M3 | O69: =AB31 -> 1.5710062e+17 | P69: =AC31 -> 6.1718517e+15 | Q69: =AD31 -> 2.849672e+14 | R69: =AE31 -> 2.359e+13 | T69: =N69 -> M3 | U69: =AH31+O50 -> 8.9771785e+16 | V69: =AI31+P50 -> 1.1768117e+16 | W69: =AJ31+Q50 -> 7.570838e+14 | X69: =AK31+R50 -> 76826500000000 | Z69: =T69 -> M3 | AA69: =AN31+IF('Pay Table'!D9>'Pay Table'!$C$6,T50,0) -> 4.70934e+15 | AB69: =AO31+IF('Pay Table'!E9>'Pay Table'!$C$6,U50,0) -> 624958800000000 | AC69: =AP31+IF('Pay Table'!F9>'Pay Table'!$C$6,V50,0) -> 89338500000000 | AE69: =Z69 -> M3 | AF69: =AS31+IF('Pay Table'!E9>'Pay Table'!$D$6,X50,0) -> 163080000000000 | AG69: =AT31+IF('Pay Table'!F9>'Pay Table'!$D$6,Y50,0) -> 44541000000000 | AI69: =AE69 -> M3 | AJ69: =AW31+IF('Pay Table'!F9>'Pay Table'!$E$6,AA50,0) -> 8.1e+12 | BB69: =IFERROR($BC$3&VLOOKUP(B71,'Pay Table'!$M$3:$N$18,2,FALSE)&$BB$3&C71&$BD$3,"") | BC69: =IFERROR($BC$3&VLOOKUP(D71,'Pay Table'!$M$3:$N$18,2,FALSE)&$BB$3&E71&$BD$3,"") | BD69: =IFERROR($BC$3&VLOOKUP(F71,'Pay Table'!$M$3:$N$18,2,FALSE)&$BB$3&G71&$BD$3,"") | BE69: =IFERROR($BC$3&VLOOKUP(H71,'Pay Table'!$M$3:$N$18,2,FALSE)&$BB$3&I71&$BD$3,"") -> [1,100] | BF69: =IFERROR($BC$3&VLOOKUP(J71,'Pay Table'!$M$3:$N$18,2,FALSE)&$BB$3&K71&$BD$3,"") -> [7,100]
A70: 65 | H70: M2 | I70: 100 | J70: K | K70: 100 | N70: =N51 -> M4 | O70: =AB32 -> 5.3670756e+16 | P70: =AC32 -> 4.8125258e+15 | Q70: =AD32 -> 3.4768595e+14 | R70: =AE32 -> 3.4048708e+13 | T70: =N70 -> M4 | U70: =AH32+O51 -> 7.4028628e+16 | V70: =AI32+P51 -> 9.5254822e+15 | W70: =AJ32+Q51 -> 8.573229e+14 | X70: =AK32+R51 -> 1.0146796e+14 | Z70: =T70 -> M4 | AA70: =AN32+IF('Pay Table'!D10>'Pay Table'!$C$6,T51,0) -> 3.98278e+15 | AB70: =AO32+IF('Pay Table'!E10>'Pay Table'!$C$6,U51,0) -> 6.2252958e+14 | AC70: =AP32+IF('Pay Table'!F10>'Pay Table'!$C$6,V51,0) -> 1.0414199e+14 | AE70: =Z70 -> M4 | AF70: =AS32+IF('Pay Table'!E10>'Pay Table'!$D$6,X51,0) -> 1.3998167e+14 | AG70: =AT32+IF('Pay Table'!F10>'Pay Table'!$D$6,Y51,0) -> 4.506125e+13 | AI70: =AE70 -> M4 | AJ70: =AW32+IF('Pay Table'!F10>'Pay Table'!$E$6,AA51,0) -> 7.05e+12 | BB70: =IFERROR($BC$3&VLOOKUP(B72,'Pay Table'!$M$3:$N$18,2,FALSE)&$BB$3&C72&$BD$3,"") | BC70: =IFERROR($BC$3&VLOOKUP(D72,'Pay Table'!$M$3:$N$18,2,FALSE)&$BB$3&E72&$BD$3,"") | BD70: =IFERROR($BC$3&VLOOKUP(F72,'Pay Table'!$M$3:$N$18,2,FALSE)&$BB$3&G72&$BD$3,"") | BE70: =IFERROR($BC$3&VLOOKUP(H72,'Pay Table'!$M$3:$N$18,2,FALSE)&$BB$3&I72&$BD$3,"") -> [4,100] | BF70: =IFERROR($BC$3&VLOOKUP(J72,'Pay Table'!$M$3:$N$18,2,FALSE)&$BB$3&K72&$BD$3,"") -> [0,100]
A71: 66 | H71: M2 | I71: 100 | J71: Q | K71: 100 | N71: =N52 -> M5 | O71: =AB33 -> 1.5442885e+17 | P71: =AC33 -> 7.8612257e+15 | Q71: =AD33 -> 7.0727888e+14 | R71: =AE33 -> 4.60768e+13 | T71: =N71 -> M5 | U71: =AH33+O52 -> 6.8818562e+16 | V71: =AI33+P52 -> 1.1364446e+16 | W71: =AJ33+Q52 -> 1.3118069e+15 | X71: =AK33+R52 -> 1.2001733e+14 | Z71: =T71 -> M5 | AA71: =AN33+IF('Pay Table'!D11>'Pay Table'!$C$6,T52,0) -> 3.50322e+15 | AB71: =AO33+IF('Pay Table'!E11>'Pay Table'!$C$6,U52,0) -> 7.3346803e+14 | AC71: =AP33+IF('Pay Table'!F11>'Pay Table'!$C$6,V52,0) -> 1.1187773e+14 | AE71: =Z71 -> M5 | AF71: =AS33+IF('Pay Table'!E11>'Pay Table'!$D$6,X52,0) -> 128940000000000 | AG71: =AT33+IF('Pay Table'!F11>'Pay Table'!$D$6,Y52,0) -> 4.42372e+13 | AI71: =AE71 -> M5 | AJ71: =AW33+IF('Pay Table'!F11>'Pay Table'!$E$6,AA52,0) -> 6.3e+12 | BB71: =IFERROR($BC$3&VLOOKUP(B73,'Pay Table'!$M$3:$N$18,2,FALSE)&$BB$3&C73&$BD$3,"") | BC71: =IFERROR($BC$3&VLOOKUP(D73,'Pay Table'!$M$3:$N$18,2,FALSE)&$BB$3&E73&$BD$3,"") | BD71: =IFERROR($BC$3&VLOOKUP(F73,'Pay Table'!$M$3:$N$18,2,FALSE)&$BB$3&G73&$BD$3,"") | BE71: =IFERROR($BC$3&VLOOKUP(H73,'Pay Table'!$M$3:$N$18,2,FALSE)&$BB$3&I73&$BD$3,"") -> [8,100] | BF71: =IFERROR($BC$3&VLOOKUP(J73,'Pay Table'!$M$3:$N$18,2,FALSE)&$BB$3&K73&$BD$3,"") -> [0,100]
A72: 67 | H72: M5 | I72: 100 | J72: M1 | K72: 100 | N72: =N53 -> A | O72: =AB34 -> 8.4824376e+16 | P72: =AC34 -> 6.0093029e+15 | Q72: =AD34 -> 6.131883e+14 | R72: =AE34 -> 3.994712e+13 | T72: =N72 -> A | U72: =AH34+O53 -> 5.3686314e+16 | V72: =AI34+P53 -> 8.164947e+15 | W72: =AJ34+Q53 -> 1.057032e+15 | X72: =AK34+R53 -> 9.8822361e+13 | Z72: =T72 -> A | AA72: =AN34+IF('Pay Table'!D12>'Pay Table'!$C$6,T53,0) -> 2.7605005e+15 | AB72: =AO34+IF('Pay Table'!E12>'Pay Table'!$C$6,U53,0) -> 5.8587368e+14 | AC72: =AP34+IF('Pay Table'!F12>'Pay Table'!$C$6,V53,0) -> 8.9814182e+13 | AE72: =Z72 -> A | AF72: =AS34+IF('Pay Table'!E12>'Pay Table'!$D$6,X53,0) -> 1.02845e+14 | AG72: =AT34+IF('Pay Table'!F12>'Pay Table'!$D$6,Y53,0) -> 3.532575e+13 | AI72: =AE72 -> A | AJ72: =AW34+IF('Pay Table'!F12>'Pay Table'!$E$6,AA53,0) -> 5.025e+12 | BB72: =IFERROR($BC$3&VLOOKUP(B74,'Pay Table'!$M$3:$N$18,2,FALSE)&$BB$3&C74&$BD$3,"") | BC72: =IFERROR($BC$3&VLOOKUP(D74,'Pay Table'!$M$3:$N$18,2,FALSE)&$BB$3&E74&$BD$3,"") | BD72: =IFERROR($BC$3&VLOOKUP(F74,'Pay Table'!$M$3:$N$18,2,FALSE)&$BB$3&G74&$BD$3,"") | BE72: =IFERROR($BC$3&VLOOKUP(H74,'Pay Table'!$M$3:$N$18,2,FALSE)&$BB$3&I74&$BD$3,"") -> [7,100] | BF72: =IFERROR($BC$3&VLOOKUP(J74,'Pay Table'!$M$3:$N$18,2,FALSE)&$BB$3&K74&$BD$3,"") -> [0,100]
A73: 68 | H73: J | I73: 100 | J73: M1 | K73: 100 | N73: =N54 -> K | O73: =AB35 -> 1.1534633e+17 | P73: =AC35 -> 1.1815032e+16 | Q73: =AD35 -> 1.2519207e+15 | R73: =AE35 -> 1.9977458e+14 | T73: =N73 -> K | U73: =AH35+O54 -> 6.5020481e+16 | V73: =AI35+P54 -> 1.2719099e+16 | W73: =AJ35+Q54 -> 1.7574351e+15 | X73: =AK35+R54 -> 3.470333e+14 | Z73: =T73 -> K | AA73: =AN35+IF('Pay Table'!D13>'Pay Table'!$C$6,T54,0) -> 3.41544e+15 | AB73: =AO35+IF('Pay Table'!E13>'Pay Table'!$C$6,U54,0) -> 802970560000000 | AC73: =AP35+IF('Pay Table'!F13>'Pay Table'!$C$6,V54,0) -> 2.2161419e+14 | AE73: =Z73 -> K | AF73: =AS35+IF('Pay Table'!E13>'Pay Table'!$D$6,X54,0) -> 118440000000000 | AG73: =AT35+IF('Pay Table'!F13>'Pay Table'!$D$6,Y54,0) -> 6.16112e+13 | AI73: =AE73 -> K | AJ73: =AW35+IF('Pay Table'!F13>'Pay Table'!$E$6,AA54,0) -> 6.3e+12 | BB73: =IFERROR($BC$3&VLOOKUP(B75,'Pay Table'!$M$3:$N$18,2,FALSE)&$BB$3&C75&$BD$3,"") | BC73: =IFERROR($BC$3&VLOOKUP(D75,'Pay Table'!$M$3:$N$18,2,FALSE)&$BB$3&E75&$BD$3,"") | BD73: =IFERROR($BC$3&VLOOKUP(F75,'Pay Table'!$M$3:$N$18,2,FALSE)&$BB$3&G75&$BD$3,"") | BE73: =IFERROR($BC$3&VLOOKUP(H75,'Pay Table'!$M$3:$N$18,2,FALSE)&$BB$3&I75&$BD$3,"") -> [2,100] | BF73: =IFERROR($BC$3&VLOOKUP(J75,'Pay Table'!$M$3:$N$18,2,FALSE)&$BB$3&K75&$BD$3,"") -> [6,100]
A74: 69 | H74: Q | I74: 100 | J74: M1 | K74: 100 | N74: =N55 -> Q | O74: =AB36 -> 7.6008803e+16 | P74: =AC36 -> 8.1340842e+15 | Q74: =AD36 -> 8.6562947e+14 | R74: =AE36 -> 8.0798516e+13 | T74: =N74 -> Q | U74: =AH36+O55 -> 4.471106e+16 | V74: =AI36+P55 -> 8.8181856e+15 | W74: =AJ36+Q55 -> 1.2357852e+15 | X74: =AK36+R55 -> 1.5876326e+14 | Z74: =T74 -> Q | AA74: =AN36+IF('Pay Table'!D14>'Pay Table'!$C$6,T55,0) -> 2.372606e+15 | AB74: =AO36+IF('Pay Table'!E14>'Pay Table'!$C$6,U55,0) -> 5.7485478e+14 | AC74: =AP36+IF('Pay Table'!F14>'Pay Table'!$C$6,V55,0) -> 1.1563602e+14 | AE74: =Z74 -> Q | AF74: =AS36+IF('Pay Table'!E14>'Pay Table'!$D$6,X55,0) -> 8.6734167e+13 | AG74: =AT36+IF('Pay Table'!F14>'Pay Table'!$D$6,Y55,0) -> 3.6926667e+13 | AI74: =AE74 -> Q | AJ74: =AW36+IF('Pay Table'!F14>'Pay Table'!$E$6,AA55,0) -> 4350000000000 | BB74: =IFERROR($BC$3&VLOOKUP(B76,'Pay Table'!$M$3:$N$18,2,FALSE)&$BB$3&C76&$BD$3,"") | BC74: =IFERROR($BC$3&VLOOKUP(D76,'Pay Table'!$M$3:$N$18,2,FALSE)&$BB$3&E76&$BD$3,"") | BD74: =IFERROR($BC$3&VLOOKUP(F76,'Pay Table'!$M$3:$N$18,2,FALSE)&$BB$3&G76&$BD$3,"") | BE74: =IFERROR($BC$3&VLOOKUP(H76,'Pay Table'!$M$3:$N$18,2,FALSE)&$BB$3&I76&$BD$3,"") -> [2,100] | BF74: =IFERROR($BC$3&VLOOKUP(J76,'Pay Table'!$M$3:$N$18,2,FALSE)&$BB$3&K76&$BD$3,"") -> [5,100]
A75: 70 | H75: M3 | I75: 100 | J75: K | K75: 100 | N75: =N56 -> J | O75: =AB37 -> 2.8429445e+16 | P75: =AC37 -> 2.3995298e+15 | Q75: =AD37 -> 2.4576693e+14 | R75: =AE37 -> 2.0344944e+13 | T75: =N75 -> J | U75: =AH37+O56 -> 1.8952964e+16 | V75: =AI37+P56 -> 3.0798625e+15 | W75: =AJ37+Q56 -> 4.0357222e+14 | X75: =AK37+R56 -> 4.5615263e+13 | Z75: =T75 -> J | AA75: =AN37+IF('Pay Table'!D15>'Pay Table'!$C$6,T56,0) -> 9.86784e+14 | AB75: =AO37+IF('Pay Table'!E15>'Pay Table'!$C$6,U56,0) -> 2.141784e+14 | AC75: =AP37+IF('Pay Table'!F15>'Pay Table'!$C$6,V56,0) -> 3.7774978e+13 | AE75: =Z75 -> J | AF75: =AS37+IF('Pay Table'!E15>'Pay Table'!$D$6,X56,0) -> 3.624e+13 | AG75: =AT37+IF('Pay Table'!F15>'Pay Table'!$D$6,Y56,0) -> 13638000000000 | AI75: =AE75 -> J | AJ75: =AW37+IF('Pay Table'!F15>'Pay Table'!$E$6,AA56,0) -> 1800000000000 | BB75: =IFERROR($BC$3&VLOOKUP(B77,'Pay Table'!$M$3:$N$18,2,FALSE)&$BB$3&C77&$BD$3,"") | BC75: =IFERROR($BC$3&VLOOKUP(D77,'Pay Table'!$M$3:$N$18,2,FALSE)&$BB$3&E77&$BD$3,"") | BD75: =IFERROR($BC$3&VLOOKUP(F77,'Pay Table'!$M$3:$N$18,2,FALSE)&$BB$3&G77&$BD$3,"") | BE75: =IFERROR($BC$3&VLOOKUP(H77,'Pay Table'!$M$3:$N$18,2,FALSE)&$BB$3&I77&$BD$3,"") -> [7,100] | BF75: =IFERROR($BC$3&VLOOKUP(J77,'Pay Table'!$M$3:$N$18,2,FALSE)&$BB$3&K77&$BD$3,"")
A76: 71 | H76: M3 | I76: 100 | J76: A | K76: 100 | N76: =N57 -> SCATTER | T76: =N76 -> SCATTER | Z76: =T76 -> SCATTER | AE76: =Z76 -> SCATTER | AI76: =AE76 -> SCATTER | BB76: =IFERROR($BC$3&VLOOKUP(B78,'Pay Table'!$M$3:$N$18,2,FALSE)&$BB$3&C78&$BD$3,"") | BC76: =IFERROR($BC$3&VLOOKUP(D78,'Pay Table'!$M$3:$N$18,2,FALSE)&$BB$3&E78&$BD$3,"") | BD76: =IFERROR($BC$3&VLOOKUP(F78,'Pay Table'!$M$3:$N$18,2,FALSE)&$BB$3&G78&$BD$3,"") | BE76: =IFERROR($BC$3&VLOOKUP(H78,'Pay Table'!$M$3:$N$18,2,FALSE)&$BB$3&I78&$BD$3,"") -> [6,100] | BF76: =IFERROR($BC$3&VLOOKUP(J78,'Pay Table'!$M$3:$N$18,2,FALSE)&$BB$3&K78&$BD$3,"")
A77: 72 | H77: Q | I77: 100 | N77: =N58 -> 0 | T77: =N77 -> 0 | Z77: =T77 -> 0 | AE77: =Z77 -> 0 | AI77: =AE77 -> 0 | BB77: =IFERROR($BC$3&VLOOKUP(B79,'Pay Table'!$M$3:$N$18,2,FALSE)&$BB$3&C79&$BD$3,"") | BC77: =IFERROR($BC$3&VLOOKUP(D79,'Pay Table'!$M$3:$N$18,2,FALSE)&$BB$3&E79&$BD$3,"") | BD77: =IFERROR($BC$3&VLOOKUP(F79,'Pay Table'!$M$3:$N$18,2,FALSE)&$BB$3&G79&$BD$3,"") | BE77: =IFERROR($BC$3&VLOOKUP(H79,'Pay Table'!$M$3:$N$18,2,FALSE)&$BB$3&I79&$BD$3,"") -> [4,100] | BF77: =IFERROR($BC$3&VLOOKUP(J79,'Pay Table'!$M$3:$N$18,2,FALSE)&$BB$3&K79&$BD$3,"")
A78: 73 | H78: K | I78: 100 | N78: =N59 -> 0 | T78: =N78 -> 0 | Z78: =T78 -> 0 | AE78: =Z78 -> 0 | AI78: =AE78 -> 0 | BB78: =IFERROR($BC$3&VLOOKUP(B80,'Pay Table'!$M$3:$N$18,2,FALSE)&$BB$3&C80&$BD$3,"") | BC78: =IFERROR($BC$3&VLOOKUP(D80,'Pay Table'!$M$3:$N$18,2,FALSE)&$BB$3&E80&$BD$3,"") | BD78: =IFERROR($BC$3&VLOOKUP(F80,'Pay Table'!$M$3:$N$18,2,FALSE)&$BB$3&G80&$BD$3,"") | BE78: =IFERROR($BC$3&VLOOKUP(H80,'Pay Table'!$M$3:$N$18,2,FALSE)&$BB$3&I80&$BD$3,"") -> [0,100] | BF78: =IFERROR($BC$3&VLOOKUP(J80,'Pay Table'!$M$3:$N$18,2,FALSE)&$BB$3&K80&$BD$3,"")
A79: 74 | H79: M5 | I79: 100 | N79: =N61 -> 0 | T79: =N79 -> 0 | Z79: =T79 -> 0 | AE79: =Z79 -> 0 | AI79: =AE79 -> 0 | BB79: =IFERROR($BC$3&VLOOKUP(B81,'Pay Table'!$M$3:$N$18,2,FALSE)&$BB$3&C81&$BD$3,"") | BC79: =IFERROR($BC$3&VLOOKUP(D81,'Pay Table'!$M$3:$N$18,2,FALSE)&$BB$3&E81&$BD$3,"") | BD79: =IFERROR($BC$3&VLOOKUP(F81,'Pay Table'!$M$3:$N$18,2,FALSE)&$BB$3&G81&$BD$3,"") | BE79: =IFERROR($BC$3&VLOOKUP(H81,'Pay Table'!$M$3:$N$18,2,FALSE)&$BB$3&I81&$BD$3,"") -> [0,100] | BF79: =IFERROR($BC$3&VLOOKUP(J81,'Pay Table'!$M$3:$N$18,2,FALSE)&$BB$3&K81&$BD$3,"")
A80: 75 | H80: M1 | I80: 100 | N80: =N62 -> 0 | T80: =N80 -> 0 | Z80: =T80 -> 0 | AE80: =Z80 -> 0 | AI80: =AE80 -> 0 | BB80: =IFERROR($BC$3&VLOOKUP(B82,'Pay Table'!$M$3:$N$18,2,FALSE)&$BB$3&C82&$BD$3,"") | BC80: =IFERROR($BC$3&VLOOKUP(D82,'Pay Table'!$M$3:$N$18,2,FALSE)&$BB$3&E82&$BD$3,"") | BD80: =IFERROR($BC$3&VLOOKUP(F82,'Pay Table'!$M$3:$N$18,2,FALSE)&$BB$3&G82&$BD$3,"") | BE80: =IFERROR($BC$3&VLOOKUP(H82,'Pay Table'!$M$3:$N$18,2,FALSE)&$BB$3&I82&$BD$3,"") -> [0,100] | BF80: =IFERROR($BC$3&VLOOKUP(J82,'Pay Table'!$M$3:$N$18,2,FALSE)&$BB$3&K82&$BD$3,"")
A81: 76 | H81: M1 | I81: 100 | BB81: =IFERROR($BC$3&VLOOKUP(B83,'Pay Table'!$M$3:$N$18,2,FALSE)&$BB$3&C83&$BD$3,"") | BC81: =IFERROR($BC$3&VLOOKUP(D83,'Pay Table'!$M$3:$N$18,2,FALSE)&$BB$3&E83&$BD$3,"") | BD81: =IFERROR($BC$3&VLOOKUP(F83,'Pay Table'!$M$3:$N$18,2,FALSE)&$BB$3&G83&$BD$3,"") | BE81: =IFERROR($BC$3&VLOOKUP(H83,'Pay Table'!$M$3:$N$18,2,FALSE)&$BB$3&I83&$BD$3,"") -> [5,100] | BF81: =IFERROR($BC$3&VLOOKUP(J83,'Pay Table'!$M$3:$N$18,2,FALSE)&$BB$3&K83&$BD$3,"")
A82: 77 | H82: M1 | I82: 100 | N82: Symbol | O82: WILD | P82: M1 | Q82: M2 | R82: M3 | S82: M4 | T82: M5 | U82: A | V82: K | W82: Q | X82: J | Z82: M1 | AA82: M2 | AB82: M3 | AC82: M4 | AD82: M5 | AE82: A | AF82: K | AG82: Q | AH82: J | BB82: =IFERROR($BC$3&VLOOKUP(B84,'Pay Table'!$M$3:$N$18,2,FALSE)&$BB$3&C84&$BD$3,"") | BC82: =IFERROR($BC$3&VLOOKUP(D84,'Pay Table'!$M$3:$N$18,2,FALSE)&$BB$3&E84&$BD$3,"") | BD82: =IFERROR($BC$3&VLOOKUP(F84,'Pay Table'!$M$3:$N$18,2,FALSE)&$BB$3&G84&$BD$3,"") | BE82: =IFERROR($BC$3&VLOOKUP(H84,'Pay Table'!$M$3:$N$18,2,FALSE)&$BB$3&I84&$BD$3,"") -> [6,100] | BF82: =IFERROR($BC$3&VLOOKUP(J84,'Pay Table'!$M$3:$N$18,2,FALSE)&$BB$3&K84&$BD$3,"")
A83: 78 | H83: A | I83: 100 | N83: 2 | P83: 0 | Q83: 0 | R83: 0 | S83: 0 | T83: 0 | U83: 0 | V83: 0 | W83: 0 | X83: 0 | Y83: 2 | Z83: =P83/SUM($P$83:$P$91) -> 0 | AA83: =Q83/SUM($Q$83:$Q$91) -> 0 | AB83: =R83/SUM($R$83:$R$91) -> 0 | AC83: =S83/SUM($S$83:$S$91) -> 0 | AD83: =T83/SUM($T$83:$T$91) -> 0 | AE83: =U83/SUM($U$83:$U$91) -> 0 | AF83: =V83/SUM($V$83:$V$91) -> 0 | AG83: =W83/SUM($W$83:$W$91) -> 0 | AH83: =X83/SUM($X$83:$X$91) -> 0 | BB83: =IFERROR($BC$3&VLOOKUP(B85,'Pay Table'!$M$3:$N$18,2,FALSE)&$BB$3&C85&$BD$3,"") | BC83: =IFERROR($BC$3&VLOOKUP(D85,'Pay Table'!$M$3:$N$18,2,FALSE)&$BB$3&E85&$BD$3,"") | BD83: =IFERROR($BC$3&VLOOKUP(F85,'Pay Table'!$M$3:$N$18,2,FALSE)&$BB$3&G85&$BD$3,"") | BE83: =IFERROR($BC$3&VLOOKUP(H85,'Pay Table'!$M$3:$N$18,2,FALSE)&$BB$3&I85&$BD$3,"") -> [1,100] | BF83: =IFERROR($BC$3&VLOOKUP(J85,'Pay Table'!$M$3:$N$18,2,FALSE)&$BB$3&K85&$BD$3,"")
A84: 79 | H84: K | I84: 100 | N84: 3 | P84: 0.0055874 | Q84: 0.0062655 | R84: 0.0060555 | S84: 0.0032809 | T84: 0.0055557 | U84: 0.0012222 | V84: 0.0021407 | W84: 0.0016031 | X84: 0.0005534 | Y84: 3 | Z84: =P84/SUM($P$83:$P$91) -> 0.59831879 | AA84: =Q84/SUM($Q$83:$Q$91) -> 0.651164 | AB84: =R84/SUM($R$83:$R$91) -> 0.79062814 | AC84: =S84/SUM($S$83:$S$91) -> 0.71361145 | AD84: =T84/SUM($T$83:$T$91) -> 0.76032572 | AE84: =U84/SUM($U$83:$U$91) -> 0.70720981 | AF84: =V84/SUM($V$83:$V$91) -> 0.72404113 | AG84: =W84/SUM($W$83:$W$91) -> 0.72482706 | AH84: =X84/SUM($X$83:$X$91) -> 0.73424439 | BB84: =IFERROR($BC$3&VLOOKUP(B86,'Pay Table'!$M$3:$N$18,2,FALSE)&$BB$3&C86&$BD$3,"") | BC84: =IFERROR($BC$3&VLOOKUP(D86,'Pay Table'!$M$3:$N$18,2,FALSE)&$BB$3&E86&$BD$3,"") | BD84: =IFERROR($BC$3&VLOOKUP(F86,'Pay Table'!$M$3:$N$18,2,FALSE)&$BB$3&G86&$BD$3,"") | BE84: =IFERROR($BC$3&VLOOKUP(H86,'Pay Table'!$M$3:$N$18,2,FALSE)&$BB$3&I86&$BD$3,"") | BF84: =IFERROR($BC$3&VLOOKUP(J86,'Pay Table'!$M$3:$N$18,2,FALSE)&$BB$3&K86&$BD$3,"")
A85: 80 | H85: M2 | I85: 100 | N85: 4 | P85: 0.0022669 | Q85: 0.0021266 | R85: 0.0012456 | S85: 0.0009686 | T85: 0.0012716 | U85: 0.0004137 | V85: 0.0006379 | W85: 0.0004844 | X85: 0.0001631 | Y85: 4 | Z85: =P85/SUM($P$83:$P$91) -> 0.24274776 | AA85: =Q85/SUM($Q$83:$Q$91) -> 0.22101434 | AB85: =R85/SUM($R$83:$R$91) -> 0.16263007 | AC85: =S85/SUM($S$83:$S$91) -> 0.21067513 | AD85: =T85/SUM($T$83:$T$91) -> 0.17402491 | AE85: =U85/SUM($U$83:$U$91) -> 0.23938202 | AF85: =V85/SUM($V$83:$V$91) -> 0.21575458 | AG85: =W85/SUM($W$83:$W$91) -> 0.21901705 | AH85: =X85/SUM($X$83:$X$91) -> 0.2163991 | BB85: =IFERROR($BC$3&VLOOKUP(B87,'Pay Table'!$M$3:$N$18,2,FALSE)&$BB$3&C87&$BD$3,"") | BC85: =IFERROR($BC$3&VLOOKUP(D87,'Pay Table'!$M$3:$N$18,2,FALSE)&$BB$3&E87&$BD$3,"") | BD85: =IFERROR($BC$3&VLOOKUP(F87,'Pay Table'!$M$3:$N$18,2,FALSE)&$BB$3&G87&$BD$3,"") | BE85: =IFERROR($BC$3&VLOOKUP(H87,'Pay Table'!$M$3:$N$18,2,FALSE)&$BB$3&I87&$BD$3,"") | BF85: =IFERROR($BC$3&VLOOKUP(J87,'Pay Table'!$M$3:$N$18,2,FALSE)&$BB$3&K87&$BD$3,"")
A86: 81 | N86: 5 | P86: 0.0009449 | Q86: 0.0007688 | R86: 0.0002679 | S86: 0.000244 | T86: 0.0003327 | U86: 7.44e-05 | V86: 0.0001406 | W86: 9.82e-05 | X86: 2.99e-05 | Y86: 5 | Z86: =P86/SUM($P$83:$P$91) -> 0.10118327 | AA86: =Q86/SUM($Q$83:$Q$91) -> 0.079900229 | AB86: =R86/SUM($R$83:$R$91) -> 0.034978 | AC86: =S86/SUM($S$83:$S$91) -> 0.053071168 | AD86: =T86/SUM($T$83:$T$91) -> 0.045531682 | AE86: =U86/SUM($U$83:$U$91) -> 0.043050573 | AF86: =V86/SUM($V$83:$V$91) -> 0.047554624 | AG86: =W86/SUM($W$83:$W$91) -> 0.044400235 | AH86: =X86/SUM($X$83:$X$91) -> 0.039670957 | BB86: =IFERROR($BC$3&VLOOKUP(B88,'Pay Table'!$M$3:$N$18,2,FALSE)&$BB$3&C88&$BD$3,"") | BC86: =IFERROR($BC$3&VLOOKUP(D88,'Pay Table'!$M$3:$N$18,2,FALSE)&$BB$3&E88&$BD$3,"") | BD86: =IFERROR($BC$3&VLOOKUP(F88,'Pay Table'!$M$3:$N$18,2,FALSE)&$BB$3&G88&$BD$3,"") | BE86: =IFERROR($BC$3&VLOOKUP(H88,'Pay Table'!$M$3:$N$18,2,FALSE)&$BB$3&I88&$BD$3,"") | BF86: =IFERROR($BC$3&VLOOKUP(J88,'Pay Table'!$M$3:$N$18,2,FALSE)&$BB$3&K88&$BD$3,"")
A87: 82 | N87: 6 | P87: 0.0003186 | Q87: 0.0002815 | R87: 6.71e-05 | S87: 7.57e-05 | T87: 0.0001059 | U87: 1.53e-05 | V87: 3.32e-05 | W87: 2.22e-05 | X87: 5.9e-06 | Y87: 6 | Z87: =P87/SUM($P$83:$P$91) -> 0.034116828 | AA87: =Q87/SUM($Q$83:$Q$91) -> 0.029255872 | AB87: =R87/SUM($R$83:$R$91) -> 0.0087608205 | AC87: =S87/SUM($S$83:$S$91) -> 0.016465112 | AD87: =T87/SUM($T$83:$T$91) -> 0.014492952 | AE87: =U87/SUM($U$83:$U$91) -> 0.008853142 | AF87: =V87/SUM($V$83:$V$91) -> 0.011229115 | AG87: =W87/SUM($W$83:$W$91) -> 0.010037528 | AH87: =X87/SUM($X$83:$X$91) -> 0.0078280483 | BB87: =IFERROR($BC$3&VLOOKUP(B89,'Pay Table'!$M$3:$N$18,2,FALSE)&$BB$3&C89&$BD$3,"") | BC87: =IFERROR($BC$3&VLOOKUP(D89,'Pay Table'!$M$3:$N$18,2,FALSE)&$BB$3&E89&$BD$3,"") | BD87: =IFERROR($BC$3&VLOOKUP(F89,'Pay Table'!$M$3:$N$18,2,FALSE)&$BB$3&G89&$BD$3,"") | BE87: =IFERROR($BC$3&VLOOKUP(H89,'Pay Table'!$M$3:$N$18,2,FALSE)&$BB$3&I89&$BD$3,"") | BF87: =IFERROR($BC$3&VLOOKUP(J89,'Pay Table'!$M$3:$N$18,2,FALSE)&$BB$3&K89&$BD$3,"")
A88: 83 | N88: 7 | P88: 0.0001252 | Q88: 0.0001098 | R88: 1.63e-05 | S88: 2.17e-05 | T88: 3.04e-05 | U88: 2.1e-06 | V88: 4e-06 | W88: 3.4e-06 | X88: 1.2e-06 | Y88: 7 | Z88: =P88/SUM($P$83:$P$91) -> 0.013406864 | AA88: =Q88/SUM($Q$83:$Q$91) -> 0.011411349 | AB88: =R88/SUM($R$83:$R$91) -> 0.0021281874 | AC88: =S88/SUM($S$83:$S$91) -> 0.0047198538 | AD88: =T88/SUM($T$83:$T$91) -> 0.0041603941 | AE88: =U88/SUM($U$83:$U$91) -> 0.0012151371 | AF88: =V88/SUM($V$83:$V$91) -> 0.0013529054 | AG88: =W88/SUM($W$83:$W$91) -> 0.001537279 | AH88: =X88/SUM($X$83:$X$91) -> 0.0015921454 | BB88: =IFERROR($BC$3&VLOOKUP(B90,'Pay Table'!$M$3:$N$18,2,FALSE)&$BB$3&C90&$BD$3,"") | BC88: =IFERROR($BC$3&VLOOKUP(D90,'Pay Table'!$M$3:$N$18,2,FALSE)&$BB$3&E90&$BD$3,"") | BD88: =IFERROR($BC$3&VLOOKUP(F90,'Pay Table'!$M$3:$N$18,2,FALSE)&$BB$3&G90&$BD$3,"") | BE88: =IFERROR($BC$3&VLOOKUP(H90,'Pay Table'!$M$3:$N$18,2,FALSE)&$BB$3&I90&$BD$3,"") | BF88: =IFERROR($BC$3&VLOOKUP(J90,'Pay Table'!$M$3:$N$18,2,FALSE)&$BB$3&K90&$BD$3,"")
A89: 84 | N89: 8 | P89: 6.43e-05 | Q89: 4.84e-05 | R89: 5.6e-06 | S89: 5.1e-06 | T89: 9.5e-06 | U89: 4e-07 | V89: 1e-07 | W89: 3e-07 | X89: 1e-07 | Y89: 8 | Z89: =P89/SUM($P$83:$P$91) -> 0.0068854741 | AA89: =Q89/SUM($Q$83:$Q$91) -> 0.0050301393 | AB89: =R89/SUM($R$83:$R$91) -> 0.0007311564 | AC89: =S89/SUM($S$83:$S$91) -> 0.0011092744 | AD89: =T89/SUM($T$83:$T$91) -> 0.0013001232 | AE89: =U89/SUM($U$83:$U$91) -> 0.00023145469 | AF89: =V89/SUM($V$83:$V$91) -> 3.3822634e-05 | AG89: =W89/SUM($W$83:$W$91) -> 0.00013564227 | AH89: =X89/SUM($X$83:$X$91) -> 0.00013267878 | BB89: =IFERROR($BC$3&VLOOKUP(B91,'Pay Table'!$M$3:$N$18,2,FALSE)&$BB$3&C91&$BD$3,"") | BC89: =IFERROR($BC$3&VLOOKUP(D91,'Pay Table'!$M$3:$N$18,2,FALSE)&$BB$3&E91&$BD$3,"") | BD89: =IFERROR($BC$3&VLOOKUP(F91,'Pay Table'!$M$3:$N$18,2,FALSE)&$BB$3&G91&$BD$3,"") | BE89: =IFERROR($BC$3&VLOOKUP(H91,'Pay Table'!$M$3:$N$18,2,FALSE)&$BB$3&I91&$BD$3,"") | BF89: =IFERROR($BC$3&VLOOKUP(J91,'Pay Table'!$M$3:$N$18,2,FALSE)&$BB$3&K91&$BD$3,"")
A90: 85 | N90: 9 | P90: 2.68e-05 | Q90: 1.78e-05 | R90: 1e-06 | S90: 1.5e-06 | T90: 1.1e-06 | U90: 1e-07 | V90: 1e-07 | W90: 1e-07 | X90: 1e-07 | Y90: 9 | Z90: =P90/SUM($P$83:$P$91) -> 0.0028698399 | AA90: =Q90/SUM($Q$83:$Q$91) -> 0.0018499273 | AB90: =R90/SUM($R$83:$R$91) -> 0.00013056364 | AC90: =S90/SUM($S$83:$S$91) -> 0.00032625718 | AD90: =T90/SUM($T$83:$T$91) -> 0.00015054058 | AE90: =U90/SUM($U$83:$U$91) -> 5.7863673e-05 | AF90: =V90/SUM($V$83:$V$91) -> 3.3822634e-05 | AG90: =W90/SUM($W$83:$W$91) -> 4.5214089e-05 | AH90: =X90/SUM($X$83:$X$91) -> 0.00013267878 | BB90: =IFERROR($BC$3&VLOOKUP(B92,'Pay Table'!$M$3:$N$18,2,FALSE)&$BB$3&C92&$BD$3,"") | BC90: =IFERROR($BC$3&VLOOKUP(D92,'Pay Table'!$M$3:$N$18,2,FALSE)&$BB$3&E92&$BD$3,"") | BD90: =IFERROR($BC$3&VLOOKUP(F92,'Pay Table'!$M$3:$N$18,2,FALSE)&$BB$3&G92&$BD$3,"") | BE90: =IFERROR($BC$3&VLOOKUP(H92,'Pay Table'!$M$3:$N$18,2,FALSE)&$BB$3&I92&$BD$3,"") | BF90: =IFERROR($BC$3&VLOOKUP(J92,'Pay Table'!$M$3:$N$18,2,FALSE)&$BB$3&K92&$BD$3,"")
A91: 86 | N91: 10 | P91: 4.4e-06 | Q91: 3.6e-06 | R91: 1e-07 | S91: 1e-07 | T91: 1e-07 | U91: 0 | V91: 0 | W91: 0 | X91: 0 | Y91: 10 | Z91: =P91/SUM($P$83:$P$91) -> 0.00047116775 | AA91: =Q91/SUM($Q$83:$Q$91) -> 0.00037414259 | AB91: =R91/SUM($R$83:$R$91) -> 1.3056364e-05 | AC91: =S91/SUM($S$83:$S$91) -> 2.1750479e-05 | AD91: =T91/SUM($T$83:$T$91) -> 1.3685507e-05 | AE91: =U91/SUM($U$83:$U$91) -> 0 | AF91: =V91/SUM($V$83:$V$91) -> 0 | AG91: =W91/SUM($W$83:$W$91) -> 0 | AH91: =X91/SUM($X$83:$X$91) -> 0 | BB91: =IFERROR($BC$3&VLOOKUP(B93,'Pay Table'!$M$3:$N$18,2,FALSE)&$BB$3&C93&$BD$3,"") | BC91: =IFERROR($BC$3&VLOOKUP(D93,'Pay Table'!$M$3:$N$18,2,FALSE)&$BB$3&E93&$BD$3,"") | BD91: =IFERROR($BC$3&VLOOKUP(F93,'Pay Table'!$M$3:$N$18,2,FALSE)&$BB$3&G93&$BD$3,"") | BE91: =IFERROR($BC$3&VLOOKUP(H93,'Pay Table'!$M$3:$N$18,2,FALSE)&$BB$3&I93&$BD$3,"") | BF91: =IFERROR($BC$3&VLOOKUP(J93,'Pay Table'!$M$3:$N$18,2,FALSE)&$BB$3&K93&$BD$3,"")
A92: 87 | BB92: =IFERROR($BC$3&VLOOKUP(B94,'Pay Table'!$M$3:$N$18,2,FALSE)&$BB$3&C94&$BD$3,"") | BC92: =IFERROR($BC$3&VLOOKUP(D94,'Pay Table'!$M$3:$N$18,2,FALSE)&$BB$3&E94&$BD$3,"") | BD92: =IFERROR($BC$3&VLOOKUP(F94,'Pay Table'!$M$3:$N$18,2,FALSE)&$BB$3&G94&$BD$3,"") | BE92: =IFERROR($BC$3&VLOOKUP(H94,'Pay Table'!$M$3:$N$18,2,FALSE)&$BB$3&I94&$BD$3,"") | BF92: =IFERROR($BC$3&VLOOKUP(J94,'Pay Table'!$M$3:$N$18,2,FALSE)&$BB$3&K94&$BD$3,"")
A93: 88 | N93: Hit Pro | O93: 2 | P93: 3 | Q93: 4 | R93: 5 | S93: 6 | T93: 7 | U93: 8 | V93: 9 | W93: 10 | AA93: SpiltRate | AB93: 0 | AC93: 1 | AD93: 2 | AE93: 3 | AF93: 4 | AG93: 5 | BB93: =IFERROR($BC$3&VLOOKUP(B95,'Pay Table'!$M$3:$N$18,2,FALSE)&$BB$3&C95&$BD$3,"") | BC93: =IFERROR($BC$3&VLOOKUP(D95,'Pay Table'!$M$3:$N$18,2,FALSE)&$BB$3&E95&$BD$3,"") | BD93: =IFERROR($BC$3&VLOOKUP(F95,'Pay Table'!$M$3:$N$18,2,FALSE)&$BB$3&G95&$BD$3,"") | BE93: =IFERROR($BC$3&VLOOKUP(H95,'Pay Table'!$M$3:$N$18,2,FALSE)&$BB$3&I95&$BD$3,"") | BF93: =IFERROR($BC$3&VLOOKUP(J95,'Pay Table'!$M$3:$N$18,2,FALSE)&$BB$3&K95&$BD$3,"")
A94: 89 | N94: WILD | O94: =VLOOKUP(O$93,$N$82:$X$91,2) -> 0 | P94: =VLOOKUP(P$93,$N$82:$X$91,2) -> 0 | Q94: =VLOOKUP(Q$93,$N$82:$X$91,2) -> 0 | R94: =VLOOKUP(R$93,$N$82:$X$91,2) -> 0 | S94: =VLOOKUP(S$93,$N$82:$X$91,2) -> 0 | T94: =VLOOKUP(T$93,$N$82:$X$91,2) -> 0 | U94: =VLOOKUP(U$93,$N$82:$X$91,2) -> 0 | V94: =VLOOKUP(V$93,$N$82:$X$91,2) -> 0 | W94: =VLOOKUP(W$93,$N$82:$X$91,2) -> 0 | X94: =SUM(P94:W94) -> 0 | Z94: 92 | AA94: Wild | AB94: 0 | AC94: 0.05 | AD94: 0.08 | AE94: 0.35 | AF94: 0.5 | AG94: 0.65 | AH94: =AVERAGE(AC94:AG94) -> 0.326 | BB94: =IFERROR($BC$3&VLOOKUP(B96,'Pay Table'!$M$3:$N$18,2,FALSE)&$BB$3&C96&$BD$3,"") | BC94: =IFERROR($BC$3&VLOOKUP(D96,'Pay Table'!$M$3:$N$18,2,FALSE)&$BB$3&E96&$BD$3,"") | BD94: =IFERROR($BC$3&VLOOKUP(F96,'Pay Table'!$M$3:$N$18,2,FALSE)&$BB$3&G96&$BD$3,"") | BE94: =IFERROR($BC$3&VLOOKUP(H96,'Pay Table'!$M$3:$N$18,2,FALSE)&$BB$3&I96&$BD$3,"") | BF94: =IFERROR($BC$3&VLOOKUP(J96,'Pay Table'!$M$3:$N$18,2,FALSE)&$BB$3&K96&$BD$3,"")
A95: 90 | N95: M1 | O95: =VLOOKUP(O$93,$N$82:$X$91,3) -> 0 | P95: =VLOOKUP(P$93,$N$82:$X$91,3) -> 0.0055874 | Q95: =VLOOKUP(Q$93,$N$82:$X$91,3) -> 0.0022669 | R95: =VLOOKUP(R$93,$N$82:$X$91,3) -> 0.0009449 | S95: =VLOOKUP(S$93,$N$82:$X$91,3) -> 0.0003186 | T95: =VLOOKUP(T$93,$N$82:$X$91,3) -> 0.0001252 | U95: =VLOOKUP(U$93,$N$82:$X$91,3) -> 6.43e-05 | V95: =VLOOKUP(V$93,$N$82:$X$91,3) -> 2.68e-05 | W95: =VLOOKUP(W$93,$N$82:$X$91,3) -> 4.4e-06 | X95: =SUM(P95:W95)/SUM($O$94:$W$103) -> 0.2022441 | Z95: 0 | AA95: M1 | AB95: 0 | AC95: 0.2 | AD95: 0.6 | AE95: 0.8 | AF95: 0.85 | AG95: 0.9 | AH95: =AVERAGE(AC95:AG95) -> 0.67 | BB95: =IFERROR($BC$3&VLOOKUP(B97,'Pay Table'!$M$3:$N$18,2,FALSE)&$BB$3&C97&$BD$3,"") | BC95: =IFERROR($BC$3&VLOOKUP(D97,'Pay Table'!$M$3:$N$18,2,FALSE)&$BB$3&E97&$BD$3,"") | BD95: =IFERROR($BC$3&VLOOKUP(F97,'Pay Table'!$M$3:$N$18,2,FALSE)&$BB$3&G97&$BD$3,"") | BE95: =IFERROR($BC$3&VLOOKUP(H97,'Pay Table'!$M$3:$N$18,2,FALSE)&$BB$3&I97&$BD$3,"") | BF95: =IFERROR($BC$3&VLOOKUP(J97,'Pay Table'!$M$3:$N$18,2,FALSE)&$BB$3&K97&$BD$3,"")
A96: 91 | N96: M2 | O96: =VLOOKUP(O$93,$N$82:$X$91,4) -> 0 | P96: =VLOOKUP(P$93,$N$82:$X$91,4) -> 0.0062655 | Q96: =VLOOKUP(Q$93,$N$82:$X$91,4) -> 0.0021266 | R96: =VLOOKUP(R$93,$N$82:$X$91,4) -> 0.0007688 | S96: =VLOOKUP(S$93,$N$82:$X$91,4) -> 0.0002815 | T96: =VLOOKUP(T$93,$N$82:$X$91,4) -> 0.0001098 | U96: =VLOOKUP(U$93,$N$82:$X$91,4) -> 4.84e-05 | V96: =VLOOKUP(V$93,$N$82:$X$91,4) -> 1.78e-05 | W96: =VLOOKUP(W$93,$N$82:$X$91,4) -> 3.6e-06 | X96: =SUM(P96:W96)/SUM($O$94:$W$103) -> 0.20838387 | Z96: 1 | AA96: M2 | AB96: 0 | AC96: 0.2 | AD96: 0.6 | AE96: 0.7 | AF96: 0.85 | AG96: 0.9 | AH96: =AVERAGE(AC96:AG96) -> 0.65 | BB96: =IFERROR($BC$3&VLOOKUP(B98,'Pay Table'!$M$3:$N$18,2,FALSE)&$BB$3&C98&$BD$3,"") | BC96: =IFERROR($BC$3&VLOOKUP(D98,'Pay Table'!$M$3:$N$18,2,FALSE)&$BB$3&E98&$BD$3,"") | BD96: =IFERROR($BC$3&VLOOKUP(F98,'Pay Table'!$M$3:$N$18,2,FALSE)&$BB$3&G98&$BD$3,"") | BE96: =IFERROR($BC$3&VLOOKUP(H98,'Pay Table'!$M$3:$N$18,2,FALSE)&$BB$3&I98&$BD$3,"") | BF96: =IFERROR($BC$3&VLOOKUP(J98,'Pay Table'!$M$3:$N$18,2,FALSE)&$BB$3&K98&$BD$3,"")
A97: 92 | N97: M3 | O97: =VLOOKUP(O$93,$N$82:$X$91,5) -> 0 | P97: =VLOOKUP(P$93,$N$82:$X$91,5) -> 0.0060555 | Q97: =VLOOKUP(Q$93,$N$82:$X$91,5) -> 0.0012456 | R97: =VLOOKUP(R$93,$N$82:$X$91,5) -> 0.0002679 | S97: =VLOOKUP(S$93,$N$82:$X$91,5) -> 6.71e-05 | T97: =VLOOKUP(T$93,$N$82:$X$91,5) -> 1.63e-05 | U97: =VLOOKUP(U$93,$N$82:$X$91,5) -> 5.6e-06 | V97: =VLOOKUP(V$93,$N$82:$X$91,5) -> 1e-06 | W97: =VLOOKUP(W$93,$N$82:$X$91,5) -> 1e-07 | X97: =SUM(P97:W97)/SUM($O$94:$W$103) -> 0.1658733 | Z97: 2 | AA97: M3 | AB97: 0 | AC97: 0.1 | AD97: 0.22 | AE97: 0.45 | AF97: 0.75 | AG97: 0.85 | AH97: =AVERAGE(AC97:AG97) -> 0.474 | BB97: =IFERROR($BC$3&VLOOKUP(B99,'Pay Table'!$M$3:$N$18,2,FALSE)&$BB$3&C99&$BD$3,"") | BC97: =IFERROR($BC$3&VLOOKUP(D99,'Pay Table'!$M$3:$N$18,2,FALSE)&$BB$3&E99&$BD$3,"") | BD97: =IFERROR($BC$3&VLOOKUP(F99,'Pay Table'!$M$3:$N$18,2,FALSE)&$BB$3&G99&$BD$3,"") | BE97: =IFERROR($BC$3&VLOOKUP(H99,'Pay Table'!$M$3:$N$18,2,FALSE)&$BB$3&I99&$BD$3,"") | BF97: =IFERROR($BC$3&VLOOKUP(J99,'Pay Table'!$M$3:$N$18,2,FALSE)&$BB$3&K99&$BD$3,"")
A98: 93 | N98: M4 | O98: =VLOOKUP(O$93,$N$82:$X$91,6) -> 0 | P98: =VLOOKUP(P$93,$N$82:$X$91,6) -> 0.0032809 | Q98: =VLOOKUP(Q$93,$N$82:$X$91,6) -> 0.0009686 | R98: =VLOOKUP(R$93,$N$82:$X$91,6) -> 0.000244 | S98: =VLOOKUP(S$93,$N$82:$X$91,6) -> 7.57e-05 | T98: =VLOOKUP(T$93,$N$82:$X$91,6) -> 2.17e-05 | U98: =VLOOKUP(U$93,$N$82:$X$91,6) -> 5.1e-06 | V98: =VLOOKUP(V$93,$N$82:$X$91,6) -> 1.5e-06 | W98: =VLOOKUP(W$93,$N$82:$X$91,6) -> 1e-07 | X98: =SUM(P98:W98)/SUM($O$94:$W$103) -> 0.099570325 | Z98: 3 | AA98: M4 | AB98: 0 | AC98: 0.1 | AD98: 0.22 | AE98: 0.45 | AF98: 0.75 | AG98: 0.85 | AH98: =AVERAGE(AC98:AG98) -> 0.474 | BB98: =IFERROR($BC$3&VLOOKUP(B100,'Pay Table'!$M$3:$N$18,2,FALSE)&$BB$3&C100&$BD$3,"") | BC98: =IFERROR($BC$3&VLOOKUP(D100,'Pay Table'!$M$3:$N$18,2,FALSE)&$BB$3&E100&$BD$3,"") | BD98: =IFERROR($BC$3&VLOOKUP(F100,'Pay Table'!$M$3:$N$18,2,FALSE)&$BB$3&G100&$BD$3,"") | BE98: =IFERROR($BC$3&VLOOKUP(H100,'Pay Table'!$M$3:$N$18,2,FALSE)&$BB$3&I100&$BD$3,"") | BF98: =IFERROR($BC$3&VLOOKUP(J100,'Pay Table'!$M$3:$N$18,2,FALSE)&$BB$3&K100&$BD$3,"")
A99: 94 | N99: M5 | O99: =VLOOKUP(O$93,$N$82:$X$91,7) -> 0 | P99: =VLOOKUP(P$93,$N$82:$X$91,7) -> 0.0055557 | Q99: =VLOOKUP(Q$93,$N$82:$X$91,7) -> 0.0012716 | R99: =VLOOKUP(R$93,$N$82:$X$91,7) -> 0.0003327 | S99: =VLOOKUP(S$93,$N$82:$X$91,7) -> 0.0001059 | T99: =VLOOKUP(T$93,$N$82:$X$91,7) -> 3.04e-05 | U99: =VLOOKUP(U$93,$N$82:$X$91,7) -> 9.5e-06 | V99: =VLOOKUP(V$93,$N$82:$X$91,7) -> 1.1e-06 | W99: =VLOOKUP(W$93,$N$82:$X$91,7) -> 1e-07 | X99: =SUM(P99:W99)/SUM($O$94:$W$103) -> 0.15824786 | Z99: 4 | AA99: M5 | AB99: 0 | AC99: 0.1 | AD99: 0.22 | AE99: 0.45 | AF99: 0.75 | AG99: 0.85 | AH99: =AVERAGE(AC99:AG99) -> 0.474 | BB99: =IFERROR($BC$3&VLOOKUP(B101,'Pay Table'!$M$3:$N$18,2,FALSE)&$BB$3&C101&$BD$3,"") | BC99: =IFERROR($BC$3&VLOOKUP(D101,'Pay Table'!$M$3:$N$18,2,FALSE)&$BB$3&E101&$BD$3,"") | BD99: =IFERROR($BC$3&VLOOKUP(F101,'Pay Table'!$M$3:$N$18,2,FALSE)&$BB$3&G101&$BD$3,"") | BE99: =IFERROR($BC$3&VLOOKUP(H101,'Pay Table'!$M$3:$N$18,2,FALSE)&$BB$3&I101&$BD$3,"") | BF99: =IFERROR($BC$3&VLOOKUP(J101,'Pay Table'!$M$3:$N$18,2,FALSE)&$BB$3&K101&$BD$3,"")
A100: 95 | N100: A | O100: =VLOOKUP(O$93,$N$82:$X$91,8) -> 0 | P100: =VLOOKUP(P$93,$N$82:$X$91,8) -> 0.0012222 | Q100: =VLOOKUP(Q$93,$N$82:$X$91,8) -> 0.0004137 | R100: =VLOOKUP(R$93,$N$82:$X$91,8) -> 7.44e-05 | S100: =VLOOKUP(S$93,$N$82:$X$91,8) -> 1.53e-05 | T100: =VLOOKUP(T$93,$N$82:$X$91,8) -> 2.1e-06 | U100: =VLOOKUP(U$93,$N$82:$X$91,8) -> 4e-07 | V100: =VLOOKUP(V$93,$N$82:$X$91,8) -> 1e-07 | W100: =VLOOKUP(W$93,$N$82:$X$91,8) -> 0 | X100: =SUM(P100:W100)/SUM($O$94:$W$103) -> 0.037427666 | BB100: =IFERROR($BC$3&VLOOKUP(B102,'Pay Table'!$M$3:$N$18,2,FALSE)&$BB$3&C102&$BD$3,"") | BC100: =IFERROR($BC$3&VLOOKUP(D102,'Pay Table'!$M$3:$N$18,2,FALSE)&$BB$3&E102&$BD$3,"") | BD100: =IFERROR($BC$3&VLOOKUP(F102,'Pay Table'!$M$3:$N$18,2,FALSE)&$BB$3&G102&$BD$3,"") | BE100: =IFERROR($BC$3&VLOOKUP(H102,'Pay Table'!$M$3:$N$18,2,FALSE)&$BB$3&I102&$BD$3,"") | BF100: =IFERROR($BC$3&VLOOKUP(J102,'Pay Table'!$M$3:$N$18,2,FALSE)&$BB$3&K102&$BD$3,"")
A101: 96 | N101: K | O101: =VLOOKUP(O$93,$N$82:$X$91,9) -> 0 | P101: =VLOOKUP(P$93,$N$82:$X$91,9) -> 0.0021407 | Q101: =VLOOKUP(Q$93,$N$82:$X$91,9) -> 0.0006379 | R101: =VLOOKUP(R$93,$N$82:$X$91,9) -> 0.0001406 | S101: =VLOOKUP(S$93,$N$82:$X$91,9) -> 3.32e-05 | T101: =VLOOKUP(T$93,$N$82:$X$91,9) -> 4e-06 | U101: =VLOOKUP(U$93,$N$82:$X$91,9) -> 1e-07 | V101: =VLOOKUP(V$93,$N$82:$X$91,9) -> 1e-07 | W101: =VLOOKUP(W$93,$N$82:$X$91,9) -> 0 | X101: =SUM(P101:W101)/SUM($O$94:$W$103) -> 0.064031151 | AA101: SpiltRate | AB101: 0 | AC101: 1 | AD101: 2 | AE101: 3 | AF101: 4 | AG101: 5 | BB101: =IFERROR($BC$3&VLOOKUP(B103,'Pay Table'!$M$3:$N$18,2,FALSE)&$BB$3&C103&$BD$3,"") | BC101: =IFERROR($BC$3&VLOOKUP(D103,'Pay Table'!$M$3:$N$18,2,FALSE)&$BB$3&E103&$BD$3,"") | BD101: =IFERROR($BC$3&VLOOKUP(F103,'Pay Table'!$M$3:$N$18,2,FALSE)&$BB$3&G103&$BD$3,"") | BE101: =IFERROR($BC$3&VLOOKUP(H103,'Pay Table'!$M$3:$N$18,2,FALSE)&$BB$3&I103&$BD$3,"") | BF101: =IFERROR($BC$3&VLOOKUP(J103,'Pay Table'!$M$3:$N$18,2,FALSE)&$BB$3&K103&$BD$3,"")
...

Sheet Free Game
A1: Reel Strip
B2: Reel1 | D2: Reel2 | F2: Reel3 | H2: Reel4 | J2: Reel5 | N2: ReelRow | O2: 3 | P2: 3 | Q2: 3 | R2: 3 | S2: 3 | BB2: , | BC2: [ | BD2: ]
B3: =LOOKUP(COUNTA(B$5:B$290)-1,$A$5:$A$290,B$5:B$290) -> K | C3: =LOOKUP(COUNTA(C$5:C$290)-1,$A$5:$A$290,C$5:C$290) -> 100 | D3: =LOOKUP(COUNTA(D$5:D$290)-1,$A$5:$A$290,D$5:D$290) -> K | E3: =LOOKUP(COUNTA(E$5:E$290)-1,$A$5:$A$290,E$5:E$290) -> 100 | F3: =LOOKUP(COUNTA(F$5:F$290)-1,$A$5:$A$290,F$5:F$290) -> LINK | G3: =LOOKUP(COUNTA(G$5:G$290)-1,$A$5:$A$290,G$5:G$290) -> 25 | H3: =LOOKUP(COUNTA(H$5:H$290)-1,$A$5:$A$290,H$5:H$290) -> M2 | I3: =LOOKUP(COUNTA(I$5:I$290)-1,$A$5:$A$290,I$5:I$290) -> 100 | ... K3: =LOOKUP(COUNTA(K$5:K$290)-1,$A$5:$A$290,K$5:K$290) -> 100 | BB3: =IFERROR($BC$2&VLOOKUP(B5,'Pay Table'!$M$3:$N$18,2,FALSE)&$BB$2&C5&$BD$2,"") -> [1,100] | BC3: =IFERROR($BC$2&VLOOKUP(D5,'Pay Table'!$M$3:$N$18,2,FALSE)&$BB$2&E5&$BD$2,"") -> [3,100] | BD3: =IFERROR($BC$2&VLOOKUP(F5,'Pay Table'!$M$3:$N$18,2,FALSE)&$BB$2&G5&$BD$2,"") -> [4,100] | BE3: =IFERROR($BC$2&VLOOKUP(H5,'Pay Table'!$M$3:$N$18,2,FALSE)&$BB$2&I5&$BD$2,"") -> [6,100] | BF3: =IFERROR($BC$2&VLOOKUP(J5,'Pay Table'!$M$3:$N$18,2,FALSE)&$BB$2&K5&$BD$2,"") -> [1,100] | BG3: =IFERROR($BC$2&VLOOKUP(G5,'Pay Table'!$M$3:$N$18,2,FALSE)&$BB$2&H5&$BD$2,"") | BI3: =IFERROR($BC$2&VLOOKUP(I5,'Pay Table'!$M$3:$N$18,2,FALSE)&$BB$2&J5&$BD$2,"") | BK3: =IFERROR($BC$2&VLOOKUP(K5,'Pay Table'!$M$3:$N$18,2,FALSE)&$BB$2&L5&$BD$2,"") | BL3: =IFERROR($BC$2&VLOOKUP(L5,'Pay Table'!$M$3:$N$18,2,FALSE)&$BB$2&M5&$BD$2,"")
B4: =LOOKUP(COUNTA(B$5:B$290),$A$5:$A$290,B$5:B$290) -> M4 | C4: =LOOKUP(COUNTA(C$5:C$290),$A$5:$A$290,C$5:C$290) -> 100 | D4: =LOOKUP(COUNTA(D$5:D$290),$A$5:$A$290,D$5:D$290) -> M4 | E4: =LOOKUP(COUNTA(E$5:E$290),$A$5:$A$290,E$5:E$290) -> 100 | F4: =LOOKUP(COUNTA(F$5:F$290),$A$5:$A$290,F$5:F$290) -> Q | G4: =LOOKUP(COUNTA(G$5:G$290),$A$5:$A$290,G$5:G$290) -> 100 | H4: =LOOKUP(COUNTA(H$5:H$290),$A$5:$A$290,H$5:H$290) -> M2 | I4: =LOOKUP(COUNTA(I$5:I$290),$A$5:$A$290,I$5:I$290) -> 100 | ... K4: =LOOKUP(COUNTA(K$5:K$290),$A$5:$A$290,K$5:K$290) -> 100 | O4: 1 | P4: 2 | Q4: 3 | R4: 4 | S4: 5 | BB4: =IFERROR($BC$2&VLOOKUP(B6,'Pay Table'!$M$3:$N$18,2,FALSE)&$BB$2&C6&$BD$2,"") -> [3,100] | BC4: =IFERROR($BC$2&VLOOKUP(D6,'Pay Table'!$M$3:$N$18,2,FALSE)&$BB$2&E6&$BD$2,"") -> [0,100] | BD4: =IFERROR($BC$2&VLOOKUP(F6,'Pay Table'!$M$3:$N$18,2,FALSE)&$BB$2&G6&$BD$2,"") -> [92,100] | BE4: =IFERROR($BC$2&VLOOKUP(H6,'Pay Table'!$M$3:$N$18,2,FALSE)&$BB$2&I6&$BD$2,"") -> [0,100] | BF4: =IFERROR($BC$2&VLOOKUP(J6,'Pay Table'!$M$3:$N$18,2,FALSE)&$BB$2&K6&$BD$2,"") -> [6,100]
A5: 1 | B5: M2 | C5: 100 | D5: M4 | E5: 100 | F5: M5 | G5: 100 | H5: K | I5: 100 | J5: M2 | K5: 100 | N5: ='Pay Table'!B17 -> LINK | O5: {=SUM(IF(B$5:B$288=$N5,1,0)*(C$5:C$288+C$4:C$287+C$3:C$286)/O$2)} -> 145 | P5: {=SUM(IF(D$5:D$288=$N5,1,0)*(E$5:E$288+E$4:E$287+E$3:E$286)/P$2)} -> 145 | Q5: {=SUM(IF(F$5:F$288=$N5,1,0)*(G$5:G$288+G$4:G$287+G$3:G$286)/Q$2)} -> 140 | R5: {=SUM(IF(H$5:H$288=$N5,1,0)*(I$5:I$288+I$4:I$287+I$3:I$286)/R$2)} -> 145 | S5: {=SUM(IF(J$5:J$288=$N5,1,0)*(K$5:K$288+K$4:K$287+K$3:K$286)/S$2)} -> 145 | BB5: =IFERROR($BC$2&VLOOKUP(B7,'Pay Table'!$M$3:$N$18,2,FALSE)&$BB$2&C7&$BD$2,"") -> [7,100] | BC5: =IFERROR($BC$2&VLOOKUP(D7,'Pay Table'!$M$3:$N$18,2,FALSE)&$BB$2&E7&$BD$2,"") -> [0,100] | BD5: =IFERROR($BC$2&VLOOKUP(F7,'Pay Table'!$M$3:$N$18,2,FALSE)&$BB$2&G7&$BD$2,"") -> [92,100] | BE5: =IFERROR($BC$2&VLOOKUP(H7,'Pay Table'!$M$3:$N$18,2,FALSE)&$BB$2&I7&$BD$2,"") -> [0,100] | BF5: =IFERROR($BC$2&VLOOKUP(J7,'Pay Table'!$M$3:$N$18,2,FALSE)&$BB$2&K7&$BD$2,"") -> [94,5]
A6: 2 | B6: M4 | C6: 100 | D6: M1 | E6: 100 | F6: WILD | G6: 100 | H6: M1 | I6: 100 | J6: K | K6: 100 | N6: ='Pay Table'!B6 -> WILD | O6: {=SUM(IF(B$5:B$288=$N6,1,0)*(C$5:C$288+C$4:C$287+C$3:C$286)/O$2)} -> 0 | P6: {=SUM(IF(D$5:D$288=$N6,1,0)*(E$5:E$288+E$4:E$287+E$3:E$286)/P$2)} -> 575 | Q6: {=SUM(IF(F$5:F$288=$N6,1,0)*(G$5:G$288+G$4:G$287+G$3:G$286)/Q$2)} -> 475 | R6: {=SUM(IF(H$5:H$288=$N6,1,0)*(I$5:I$288+I$4:I$287+I$3:I$286)/R$2)} -> 800 | S6: {=SUM(IF(J$5:J$288=$N6,1,0)*(K$5:K$288+K$4:K$287+K$3:K$286)/S$2)} -> 600 | BB6: =IFERROR($BC$2&VLOOKUP(B8,'Pay Table'!$M$3:$N$18,2,FALSE)&$BB$2&C8&$BD$2,"") -> [94,5] | BC6: =IFERROR($BC$2&VLOOKUP(D8,'Pay Table'!$M$3:$N$18,2,FALSE)&$BB$2&E8&$BD$2,"") -> [0,100] | BD6: =IFERROR($BC$2&VLOOKUP(F8,'Pay Table'!$M$3:$N$18,2,FALSE)&$BB$2&G8&$BD$2,"") -> [92,100] | BE6: =IFERROR($BC$2&VLOOKUP(H8,'Pay Table'!$M$3:$N$18,2,FALSE)&$BB$2&I8&$BD$2,"") -> [0,100] | BF6: =IFERROR($BC$2&VLOOKUP(J8,'Pay Table'!$M$3:$N$18,2,FALSE)&$BB$2&K8&$BD$2,"") -> [94,10]
A7: 3 | B7: Q | C7: 100 | D7: M1 | E7: 100 | F7: WILD | G7: 100 | H7: M1 | I7: 100 | J7: LINK | K7: 5 | N7: ='Pay Table'!B7 -> M1 | O7: {=SUM(IF(B$5:B$288=$N7,1,0)*(C$5:C$288+C$4:C$287+C$3:C$286)/O$2)} -> 500 | P7: {=SUM(IF(D$5:D$288=$N7,1,0)*(E$5:E$288+E$4:E$287+E$3:E$286)/P$2)} -> 700 | Q7: {=SUM(IF(F$5:F$288=$N7,1,0)*(G$5:G$288+G$4:G$287+G$3:G$286)/Q$2)} -> 1000 | R7: {=SUM(IF(H$5:H$288=$N7,1,0)*(I$5:I$288+I$4:I$287+I$3:I$286)/R$2)} -> 1100 | S7: {=SUM(IF(J$5:J$288=$N7,1,0)*(K$5:K$288+K$4:K$287+K$3:K$286)/S$2)} -> 900 | BB7: =IFERROR($BC$2&VLOOKUP(B9,'Pay Table'!$M$3:$N$18,2,FALSE)&$BB$2&C9&$BD$2,"") -> [94,10] | BC7: =IFERROR($BC$2&VLOOKUP(D9,'Pay Table'!$M$3:$N$18,2,FALSE)&$BB$2&E9&$BD$2,"") -> [4,100] | BD7: =IFERROR($BC$2&VLOOKUP(F9,'Pay Table'!$M$3:$N$18,2,FALSE)&$BB$2&G9&$BD$2,"") -> [2,100] | BE7: =IFERROR($BC$2&VLOOKUP(H9,'Pay Table'!$M$3:$N$18,2,FALSE)&$BB$2&I9&$BD$2,"") -> [5,100] | BF7: =IFERROR($BC$2&VLOOKUP(J9,'Pay Table'!$M$3:$N$18,2,FALSE)&$BB$2&K9&$BD$2,"") -> [94,25]
A8: 4 | B8: LINK | C8: 5 | D8: M1 | E8: 100 | F8: WILD | G8: 100 | H8: M1 | I8: 100 | J8: LINK | K8: 10 | N8: ='Pay Table'!B8 -> M2 | O8: {=SUM(IF(B$5:B$288=$N8,1,0)*(C$5:C$288+C$4:C$287+C$3:C$286)/O$2)} -> 700 | P8: {=SUM(IF(D$5:D$288=$N8,1,0)*(E$5:E$288+E$4:E$287+E$3:E$286)/P$2)} -> 800 | Q8: {=SUM(IF(F$5:F$288=$N8,1,0)*(G$5:G$288+G$4:G$287+G$3:G$286)/Q$2)} -> 600 | R8: {=SUM(IF(H$5:H$288=$N8,1,0)*(I$5:I$288+I$4:I$287+I$3:I$286)/R$2)} -> 900 | S8: {=SUM(IF(J$5:J$288=$N8,1,0)*(K$5:K$288+K$4:K$287+K$3:K$286)/S$2)} -> 1100 | BB8: =IFERROR($BC$2&VLOOKUP(B10,'Pay Table'!$M$3:$N$18,2,FALSE)&$BB$2&C10&$BD$2,"") -> [94,25] | BC8: =IFERROR($BC$2&VLOOKUP(D10,'Pay Table'!$M$3:$N$18,2,FALSE)&$BB$2&E10&$BD$2,"") -> [6,100] | BD8: =IFERROR($BC$2&VLOOKUP(F10,'Pay Table'!$M$3:$N$18,2,FALSE)&$BB$2&G10&$BD$2,"") -> [8,100] | BE8: =IFERROR($BC$2&VLOOKUP(H10,'Pay Table'!$M$3:$N$18,2,FALSE)&$BB$2&I10&$BD$2,"") -> [3,100] | BF8: =IFERROR($BC$2&VLOOKUP(J10,'Pay Table'!$M$3:$N$18,2,FALSE)&$BB$2&K10&$BD$2,"") -> [4,100]
A9: 5 | B9: LINK | C9: 10 | D9: M5 | E9: 100 | F9: M3 | G9: 100 | H9: A | I9: 100 | J9: LINK | K9: 25 | N9: ='Pay Table'!B9 -> M3 | O9: {=SUM(IF(B$5:B$288=$N9,1,0)*(C$5:C$288+C$4:C$287+C$3:C$286)/O$2)} -> 750 | P9: {=SUM(IF(D$5:D$288=$N9,1,0)*(E$5:E$288+E$4:E$287+E$3:E$286)/P$2)} -> 425 | Q9: {=SUM(IF(F$5:F$288=$N9,1,0)*(G$5:G$288+G$4:G$287+G$3:G$286)/Q$2)} -> 670 | R9: {=SUM(IF(H$5:H$288=$N9,1,0)*(I$5:I$288+I$4:I$287+I$3:I$286)/R$2)} -> 1050 | S9: {=SUM(IF(J$5:J$288=$N9,1,0)*(K$5:K$288+K$4:K$287+K$3:K$286)/S$2)} -> 425 | BB9: =IFERROR($BC$2&VLOOKUP(B11,'Pay Table'!$M$3:$N$18,2,FALSE)&$BB$2&C11&$BD$2,"") -> [6,100] | BC9: =IFERROR($BC$2&VLOOKUP(D11,'Pay Table'!$M$3:$N$18,2,FALSE)&$BB$2&E11&$BD$2,"") -> [4,100] | BD9: =IFERROR($BC$2&VLOOKUP(F11,'Pay Table'!$M$3:$N$18,2,FALSE)&$BB$2&G11&$BD$2,"") -> [3,100] | BE9: =IFERROR($BC$2&VLOOKUP(H11,'Pay Table'!$M$3:$N$18,2,FALSE)&$BB$2&I11&$BD$2,"") -> [6,100] | BF9: =IFERROR($BC$2&VLOOKUP(J11,'Pay Table'!$M$3:$N$18,2,FALSE)&$BB$2&K11&$BD$2,"") -> [7,100]
A10: 6 | B10: LINK | C10: 25 | D10: K | E10: 100 | F10: J | G10: 100 | H10: M4 | I10: 100 | J10: M5 | K10: 100 | N10: ='Pay Table'!B10 -> M4 | O10: {=SUM(IF(B$5:B$288=$N10,1,0)*(C$5:C$288+C$4:C$287+C$3:C$286)/O$2)} -> 800 | P10: {=SUM(IF(D$5:D$288=$N10,1,0)*(E$5:E$288+E$4:E$287+E$3:E$286)/P$2)} -> 500 | Q10: {=SUM(IF(F$5:F$288=$N10,1,0)*(G$5:G$288+G$4:G$287+G$3:G$286)/Q$2)} -> 300 | R10: {=SUM(IF(H$5:H$288=$N10,1,0)*(I$5:I$288+I$4:I$287+I$3:I$286)/R$2)} -> 500 | S10: {=SUM(IF(J$5:J$288=$N10,1,0)*(K$5:K$288+K$4:K$287+K$3:K$286)/S$2)} -> 500 | BB10: =IFERROR($BC$2&VLOOKUP(B12,'Pay Table'!$M$3:$N$18,2,FALSE)&$BB$2&C12&$BD$2,"") -> [7,100] | BC10: =IFERROR($BC$2&VLOOKUP(D12,'Pay Table'!$M$3:$N$18,2,FALSE)&$BB$2&E12&$BD$2,"") -> [92,100] | BD10: =IFERROR($BC$2&VLOOKUP(F12,'Pay Table'!$M$3:$N$18,2,FALSE)&$BB$2&G12&$BD$2,"") -> [3,100] | BE10: =IFERROR($BC$2&VLOOKUP(H12,'Pay Table'!$M$3:$N$18,2,FALSE)&$BB$2&I12&$BD$2,"") -> [92,100] | BF10: =IFERROR($BC$2&VLOOKUP(J12,'Pay Table'!$M$3:$N$18,2,FALSE)&$BB$2&K12&$BD$2,"") -> [8,100]
A11: 7 | B11: K | C11: 100 | D11: M5 | E11: 100 | F11: M4 | G11: 100 | H11: K | I11: 100 | J11: Q | K11: 100 | N11: ='Pay Table'!B11 -> M5 | O11: {=SUM(IF(B$5:B$288=$N11,1,0)*(C$5:C$288+C$4:C$287+C$3:C$286)/O$2)} -> 800 | P11: {=SUM(IF(D$5:D$288=$N11,1,0)*(E$5:E$288+E$4:E$287+E$3:E$286)/P$2)} -> 500 | Q11: {=SUM(IF(F$5:F$288=$N11,1,0)*(G$5:G$288+G$4:G$287+G$3:G$286)/Q$2)} -> 475 | R11: {=SUM(IF(H$5:H$288=$N11,1,0)*(I$5:I$288+I$4:I$287+I$3:I$286)/R$2)} -> 600 | S11: {=SUM(IF(J$5:J$288=$N11,1,0)*(K$5:K$288+K$4:K$287+K$3:K$286)/S$2)} -> 745 | T11: =SUM(O7:O8)/O21 -> 0.21371327 | U11: =SUM(P7:P8)/P21 -> 0.28222013 | V11: =SUM(Q7:Q8)/Q21 -> 0.30769231 | W11: =SUM(R7:R8)/R21 -> 0.2661344 | X11: =SUM(S7:S8)/S21 -> 0.30234316 | BB11: =IFERROR($BC$2&VLOOKUP(B13,'Pay Table'!$M$3:$N$18,2,FALSE)&$BB$2&C13&$BD$2,"") -> [2,100] | BC11: =IFERROR($BC$2&VLOOKUP(D13,'Pay Table'!$M$3:$N$18,2,FALSE)&$BB$2&E13&$BD$2,"") -> [92,100] | BD11: =IFERROR($BC$2&VLOOKUP(F13,'Pay Table'!$M$3:$N$18,2,FALSE)&$BB$2&G13&$BD$2,"") -> [1,100] | BE11: =IFERROR($BC$2&VLOOKUP(H13,'Pay Table'!$M$3:$N$18,2,FALSE)&$BB$2&I13&$BD$2,"") -> [92,100] | BF11: =IFERROR($BC$2&VLOOKUP(J13,'Pay Table'!$M$3:$N$18,2,FALSE)&$BB$2&K13&$BD$2,"") -> [5,100]
A12: 8 | B12: Q | C12: 100 | D12: WILD | E12: 100 | F12: M4 | G12: 100 | H12: WILD | I12: 100 | J12: J | K12: 100 | N12: ='Pay Table'!B12 -> A | O12: {=SUM(IF(B$5:B$288=$N12,1,0)*(C$5:C$288+C$4:C$287+C$3:C$286)/O$2)} -> 400 | P12: {=SUM(IF(D$5:D$288=$N12,1,0)*(E$5:E$288+E$4:E$287+E$3:E$286)/P$2)} -> 300 | Q12: {=SUM(IF(F$5:F$288=$N12,1,0)*(G$5:G$288+G$4:G$287+G$3:G$286)/Q$2)} -> 300 | R12: {=SUM(IF(H$5:H$288=$N12,1,0)*(I$5:I$288+I$4:I$287+I$3:I$286)/R$2)} -> 500 | S12: {=SUM(IF(J$5:J$288=$N12,1,0)*(K$5:K$288+K$4:K$287+K$3:K$286)/S$2)} -> 600 | BB12: =IFERROR($BC$2&VLOOKUP(B14,'Pay Table'!$M$3:$N$18,2,FALSE)&$BB$2&C14&$BD$2,"") -> [4,100] | BC12: =IFERROR($BC$2&VLOOKUP(D14,'Pay Table'!$M$3:$N$18,2,FALSE)&$BB$2&E14&$BD$2,"") -> [2,100] | BD12: =IFERROR($BC$2&VLOOKUP(F14,'Pay Table'!$M$3:$N$18,2,FALSE)&$BB$2&G14&$BD$2,"") -> [1,100] | BE12: =IFERROR($BC$2&VLOOKUP(H14,'Pay Table'!$M$3:$N$18,2,FALSE)&$BB$2&I14&$BD$2,"") -> [92,100] | BF12: =IFERROR($BC$2&VLOOKUP(J14,'Pay Table'!$M$3:$N$18,2,FALSE)&$BB$2&K14&$BD$2,"") -> [4,100]
A13: 9 | B13: M3 | C13: 100 | D13: WILD | E13: 100 | F13: M2 | G13: 100 | H13: WILD | I13: 100 | J13: A | K13: 100 | N13: ='Pay Table'!B13 -> K | O13: {=SUM(IF(B$5:B$288=$N13,1,0)*(C$5:C$288+C$4:C$287+C$3:C$286)/O$2)} -> 495 | P13: {=SUM(IF(D$5:D$288=$N13,1,0)*(E$5:E$288+E$4:E$287+E$3:E$286)/P$2)} -> 575 | Q13: {=SUM(IF(F$5:F$288=$N13,1,0)*(G$5:G$288+G$4:G$287+G$3:G$286)/Q$2)} -> 550 | R13: {=SUM(IF(H$5:H$288=$N13,1,0)*(I$5:I$288+I$4:I$287+I$3:I$286)/R$2)} -> 845 | S13: {=SUM(IF(J$5:J$288=$N13,1,0)*(K$5:K$288+K$4:K$287+K$3:K$286)/S$2)} -> 800 | BB13: =IFERROR($BC$2&VLOOKUP(B15,'Pay Table'!$M$3:$N$18,2,FALSE)&$BB$2&C15&$BD$2,"") -> [3,100] | BC13: =IFERROR($BC$2&VLOOKUP(D15,'Pay Table'!$M$3:$N$18,2,FALSE)&$BB$2&E15&$BD$2,"") -> [5,100] | BD13: =IFERROR($BC$2&VLOOKUP(F15,'Pay Table'!$M$3:$N$18,2,FALSE)&$BB$2&G15&$BD$2,"") -> [1,100] | BE13: =IFERROR($BC$2&VLOOKUP(H15,'Pay Table'!$M$3:$N$18,2,FALSE)&$BB$2&I15&$BD$2,"") -> [8,100] | BF13: =IFERROR($BC$2&VLOOKUP(J15,'Pay Table'!$M$3:$N$18,2,FALSE)&$BB$2&K15&$BD$2,"") -> [1,100]
A14: 10 | B14: M5 | C14: 100 | D14: M3 | E14: 100 | F14: M2 | G14: 100 | H14: WILD | I14: 100 | J14: M5 | K14: 100 | N14: ='Pay Table'!B14 -> Q | O14: {=SUM(IF(B$5:B$288=$N14,1,0)*(C$5:C$288+C$4:C$287+C$3:C$286)/O$2)} -> 475 | P14: {=SUM(IF(D$5:D$288=$N14,1,0)*(E$5:E$288+E$4:E$287+E$3:E$286)/P$2)} -> 400 | Q14: {=SUM(IF(F$5:F$288=$N14,1,0)*(G$5:G$288+G$4:G$287+G$3:G$286)/Q$2)} -> 290 | R14: {=SUM(IF(H$5:H$288=$N14,1,0)*(I$5:I$288+I$4:I$287+I$3:I$286)/R$2)} -> 400 | S14: {=SUM(IF(J$5:J$288=$N14,1,0)*(K$5:K$288+K$4:K$287+K$3:K$286)/S$2)} -> 450 | BB14: =IFERROR($BC$2&VLOOKUP(B16,'Pay Table'!$M$3:$N$18,2,FALSE)&$BB$2&C16&$BD$2,"") -> [8,100] | BC14: =IFERROR($BC$2&VLOOKUP(D16,'Pay Table'!$M$3:$N$18,2,FALSE)&$BB$2&E16&$BD$2,"") -> [8,100] | BD14: =IFERROR($BC$2&VLOOKUP(F16,'Pay Table'!$M$3:$N$18,2,FALSE)&$BB$2&G16&$BD$2,"") -> [6,100] | BE14: =IFERROR($BC$2&VLOOKUP(H16,'Pay Table'!$M$3:$N$18,2,FALSE)&$BB$2&I16&$BD$2,"") -> [2,100] | BF14: =IFERROR($BC$2&VLOOKUP(J16,'Pay Table'!$M$3:$N$18,2,FALSE)&$BB$2&K16&$BD$2,"") -> [1,100]
A15: 11 | B15: M4 | C15: 100 | D15: A | E15: 100 | F15: M2 | G15: 100 | H15: J | I15: 100 | J15: M2 | K15: 100 | N15: ='Pay Table'!B15 -> J | O15: {=SUM(IF(B$5:B$288=$N15,1,0)*(C$5:C$288+C$4:C$287+C$3:C$286)/O$2)} -> 550 | P15: {=SUM(IF(D$5:D$288=$N15,1,0)*(E$5:E$288+E$4:E$287+E$3:E$286)/P$2)} -> 395 | Q15: {=SUM(IF(F$5:F$288=$N15,1,0)*(G$5:G$288+G$4:G$287+G$3:G$286)/Q$2)} -> 400 | R15: {=SUM(IF(H$5:H$288=$N15,1,0)*(I$5:I$288+I$4:I$287+I$3:I$286)/R$2)} -> 675 | S15: {=SUM(IF(J$5:J$288=$N15,1,0)*(K$5:K$288+K$4:K$287+K$3:K$286)/S$2)} -> 350 | BB15: =IFERROR($BC$2&VLOOKUP(B17,'Pay Table'!$M$3:$N$18,2,FALSE)&$BB$2&C17&$BD$2,"") -> [5,100] | BC15: =IFERROR($BC$2&VLOOKUP(D17,'Pay Table'!$M$3:$N$18,2,FALSE)&$BB$2&E17&$BD$2,"") -> [1,100] | BD15: =IFERROR($BC$2&VLOOKUP(F17,'Pay Table'!$M$3:$N$18,2,FALSE)&$BB$2&G17&$BD$2,"") -> [3,100] | BE15: =IFERROR($BC$2&VLOOKUP(H17,'Pay Table'!$M$3:$N$18,2,FALSE)&$BB$2&I17&$BD$2,"") -> [6,100] | BF15: =IFERROR($BC$2&VLOOKUP(J17,'Pay Table'!$M$3:$N$18,2,FALSE)&$BB$2&K17&$BD$2,"") -> [6,100]
A16: 12 | B16: J | C16: 100 | D16: J | E16: 100 | F16: K | G16: 100 | H16: M3 | I16: 100 | J16: M2 | K16: 100 | N16: ='Pay Table'!B16 -> SCATTER | O16: {=SUM(IF(B$5:B$288=$N16,1,0)*(C$5:C$288+C$4:C$287+C$3:C$286)/O$2)} -> 0 | P16: {=SUM(IF(D$5:D$288=$N16,1,0)*(E$5:E$288+E$4:E$287+E$3:E$286)/P$2)} -> 0 | Q16: {=SUM(IF(F$5:F$288=$N16,1,0)*(G$5:G$288+G$4:G$287+G$3:G$286)/Q$2)} -> 0 | R16: {=SUM(IF(H$5:H$288=$N16,1,0)*(I$5:I$288+I$4:I$287+I$3:I$286)/R$2)} -> 0 | S16: {=SUM(IF(J$5:J$288=$N16,1,0)*(K$5:K$288+K$4:K$287+K$3:K$286)/S$2)} -> 0 | BB16: =IFERROR($BC$2&VLOOKUP(B18,'Pay Table'!$M$3:$N$18,2,FALSE)&$BB$2&C18&$BD$2,"") -> [3,100] | BC16: =IFERROR($BC$2&VLOOKUP(D18,'Pay Table'!$M$3:$N$18,2,FALSE)&$BB$2&E18&$BD$2,"") -> [1,100] | BD16: =IFERROR($BC$2&VLOOKUP(F18,'Pay Table'!$M$3:$N$18,2,FALSE)&$BB$2&G18&$BD$2,"") -> [5,100] | BE16: =IFERROR($BC$2&VLOOKUP(H18,'Pay Table'!$M$3:$N$18,2,FALSE)&$BB$2&I18&$BD$2,"") -> [4,100] | BF16: =IFERROR($BC$2&VLOOKUP(J18,'Pay Table'!$M$3:$N$18,2,FALSE)&$BB$2&K18&$BD$2,"") -> [8,100]
A17: 13 | B17: A | C17: 100 | D17: M2 | E17: 100 | F17: M4 | G17: 100 | H17: K | I17: 100 | J17: K | K17: 100 | N17: ='Pay Table'!B19 -> 0 | BB17: =IFERROR($BC$2&VLOOKUP(B19,'Pay Table'!$M$3:$N$18,2,FALSE)&$BB$2&C19&$BD$2,"") -> [4,100] | BC17: =IFERROR($BC$2&VLOOKUP(D19,'Pay Table'!$M$3:$N$18,2,FALSE)&$BB$2&E19&$BD$2,"") -> [1,100] | BD17: =IFERROR($BC$2&VLOOKUP(F19,'Pay Table'!$M$3:$N$18,2,FALSE)&$BB$2&G19&$BD$2,"") -> [2,100] | BE17: =IFERROR($BC$2&VLOOKUP(H19,'Pay Table'!$M$3:$N$18,2,FALSE)&$BB$2&I19&$BD$2,"") -> [2,100] | BF17: =IFERROR($BC$2&VLOOKUP(J19,'Pay Table'!$M$3:$N$18,2,FALSE)&$BB$2&K19&$BD$2,"") -> [92,100]
A18: 14 | B18: M4 | C18: 100 | D18: M2 | E18: 100 | F18: a | G18: 100 | H18: M5 | I18: 100 | J18: J | K18: 100 | N18: ='Pay Table'!B20 -> 0 | BB18: =IFERROR($BC$2&VLOOKUP(B20,'Pay Table'!$M$3:$N$18,2,FALSE)&$BB$2&C20&$BD$2,"") -> [6,100] | BC18: =IFERROR($BC$2&VLOOKUP(D20,'Pay Table'!$M$3:$N$18,2,FALSE)&$BB$2&E20&$BD$2,"") -> [7,100] | BD18: =IFERROR($BC$2&VLOOKUP(F20,'Pay Table'!$M$3:$N$18,2,FALSE)&$BB$2&G20&$BD$2,"") -> [0,100] | BE18: =IFERROR($BC$2&VLOOKUP(H20,'Pay Table'!$M$3:$N$18,2,FALSE)&$BB$2&I20&$BD$2,"") -> [0,100] | BF18: =IFERROR($BC$2&VLOOKUP(J20,'Pay Table'!$M$3:$N$18,2,FALSE)&$BB$2&K20&$BD$2,"") -> [0,100]
A19: 15 | B19: M5 | C19: 100 | D19: M2 | E19: 100 | F19: M3 | G19: 100 | H19: M3 | I19: 100 | J19: WILD | K19: 100 | N19: ='Pay Table'!B21 -> 0 | BB19: =IFERROR($BC$2&VLOOKUP(B21,'Pay Table'!$M$3:$N$18,2,FALSE)&$BB$2&C21&$BD$2,"") -> [0,100] | BC19: =IFERROR($BC$2&VLOOKUP(D21,'Pay Table'!$M$3:$N$18,2,FALSE)&$BB$2&E21&$BD$2,"") -> [8,100] | BD19: =IFERROR($BC$2&VLOOKUP(F21,'Pay Table'!$M$3:$N$18,2,FALSE)&$BB$2&G21&$BD$2,"") -> [0,100] | BE19: =IFERROR($BC$2&VLOOKUP(H21,'Pay Table'!$M$3:$N$18,2,FALSE)&$BB$2&I21&$BD$2,"") -> [92,100] | BF19: =IFERROR($BC$2&VLOOKUP(J21,'Pay Table'!$M$3:$N$18,2,FALSE)&$BB$2&K21&$BD$2,"") -> [0,100]
A20: 16 | B20: K | C20: 100 | D20: Q | E20: 100 | F20: M1 | G20: 100 | H20: M1 | I20: 100 | J20: M1 | K20: 100 | N20: ='Pay Table'!B22 -> 0 | BB20: =IFERROR($BC$2&VLOOKUP(B22,'Pay Table'!$M$3:$N$18,2,FALSE)&$BB$2&C22&$BD$2,"") -> [0,100] | BC20: =IFERROR($BC$2&VLOOKUP(D22,'Pay Table'!$M$3:$N$18,2,FALSE)&$BB$2&E22&$BD$2,"") -> [6,100] | BD20: =IFERROR($BC$2&VLOOKUP(F22,'Pay Table'!$M$3:$N$18,2,FALSE)&$BB$2&G22&$BD$2,"") -> [4,100] | BE20: =IFERROR($BC$2&VLOOKUP(H22,'Pay Table'!$M$3:$N$18,2,FALSE)&$BB$2&I22&$BD$2,"") -> [4,100] | BF20: =IFERROR($BC$2&VLOOKUP(J22,'Pay Table'!$M$3:$N$18,2,FALSE)&$BB$2&K22&$BD$2,"") -> [0,100]
A21: 17 | B21: M1 | C21: 100 | D21: J | E21: 100 | F21: M1 | G21: 100 | H21: WILD | I21: 100 | J21: M1 | K21: 100 | N21: TOTAL | O21: =SUM(O5:O20) -> 5615 | P21: =SUM(P5:P20) -> 5315 | Q21: =SUM(Q5:Q20) -> 5200 | R21: {=SUM(R5:R20)} -> 7515 | S21: =SUM(S5:S20) -> 6615 | T21: =SUM(O95:O98) -> 5615 | U21: =SUM(P95:P98) -> 5315 | V21: =SUM(Q95:Q98) -> 5200 | W21: =SUM(R95:R98) -> 7515 | X21: =SUM(S95:S98) -> 6615 | BB21: =IFERROR($BC$2&VLOOKUP(B23,'Pay Table'!$M$3:$N$18,2,FALSE)&$BB$2&C23&$BD$2,"") -> [2,100] | BC21: =IFERROR($BC$2&VLOOKUP(D23,'Pay Table'!$M$3:$N$18,2,FALSE)&$BB$2&E23&$BD$2,"") -> [92,100] | BD21: =IFERROR($BC$2&VLOOKUP(F23,'Pay Table'!$M$3:$N$18,2,FALSE)&$BB$2&G23&$BD$2,"") -> [8,100] | BE21: =IFERROR($BC$2&VLOOKUP(H23,'Pay Table'!$M$3:$N$18,2,FALSE)&$BB$2&I23&$BD$2,"") -> [5,100] | BF21: =IFERROR($BC$2&VLOOKUP(J23,'Pay Table'!$M$3:$N$18,2,FALSE)&$BB$2&K23&$BD$2,"") -> [6,100]
A22: 18 | B22: M1 | C22: 100 | D22: K | E22: 100 | F22: M5 | G22: 100 | H22: M5 | I22: 100 | J22: M1 | K22: 100 | N22: Cycle: | O22: =O21*P21*Q21*R21*S21 -> 7.7146319e+18 | BB22: =IFERROR($BC$2&VLOOKUP(B24,'Pay Table'!$M$3:$N$18,2,FALSE)&$BB$2&C24&$BD$2,"") -> [8,100] | BC22: =IFERROR($BC$2&VLOOKUP(D24,'Pay Table'!$M$3:$N$18,2,FALSE)&$BB$2&E24&$BD$2,"") -> [7,100] | BD22: =IFERROR($BC$2&VLOOKUP(F24,'Pay Table'!$M$3:$N$18,2,FALSE)&$BB$2&G24&$BD$2,"") -> [5,100] | BE22: =IFERROR($BC$2&VLOOKUP(H24,'Pay Table'!$M$3:$N$18,2,FALSE)&$BB$2&I24&$BD$2,"") -> [7,100] | BF22: =IFERROR($BC$2&VLOOKUP(J24,'Pay Table'!$M$3:$N$18,2,FALSE)&$BB$2&K24&$BD$2,"") -> [5,100]
A23: 19 | B23: M3 | C23: 100 | D23: WILD | E23: 100 | F23: J | G23: 100 | H23: A | I23: 100 | J23: K | K23: 100 | BB23: =IFERROR($BC$2&VLOOKUP(B25,'Pay Table'!$M$3:$N$18,2,FALSE)&$BB$2&C25&$BD$2,"") -> [2,100] | BC23: =IFERROR($BC$2&VLOOKUP(D25,'Pay Table'!$M$3:$N$18,2,FALSE)&$BB$2&E25&$BD$2,"") -> [3,100] | BD23: =IFERROR($BC$2&VLOOKUP(F25,'Pay Table'!$M$3:$N$18,2,FALSE)&$BB$2&G25&$BD$2,"") -> [92,100] | BE23: =IFERROR($BC$2&VLOOKUP(H25,'Pay Table'!$M$3:$N$18,2,FALSE)&$BB$2&I25&$BD$2,"") -> [0,100] | BF23: =IFERROR($BC$2&VLOOKUP(J25,'Pay Table'!$M$3:$N$18,2,FALSE)&$BB$2&K25&$BD$2,"") -> [2,25]
A24: 20 | B24: J | C24: 100 | D24: Q | E24: 100 | F24: A | G24: 100 | H24: Q | I24: 100 | J24: A | K24: 100 | O24: NXXXX | T24: Count | AA24: Count | AB24: NXXXX(不含wild) | AG24: Count | AH24: NXXXX(含 1 wild) | AM24: Count | AN24: NXXXX(含 2 wild) | AR24: Count | AS24: NXXXX(含 3 wild) | AV24: Count | AW24: NXXXX(含 4 wild) | BB24: =IFERROR($BC$2&VLOOKUP(B26,'Pay Table'!$M$3:$N$18,2,FALSE)&$BB$2&C26&$BD$2,"") -> [3,100] | BC24: =IFERROR($BC$2&VLOOKUP(D26,'Pay Table'!$M$3:$N$18,2,FALSE)&$BB$2&E26&$BD$2,"") -> [4,100] | BD24: =IFERROR($BC$2&VLOOKUP(F26,'Pay Table'!$M$3:$N$18,2,FALSE)&$BB$2&G26&$BD$2,"") -> [0,100] | BE24: =IFERROR($BC$2&VLOOKUP(H26,'Pay Table'!$M$3:$N$18,2,FALSE)&$BB$2&I26&$BD$2,"") -> [5,100] | BF24: =IFERROR($BC$2&VLOOKUP(J26,'Pay Table'!$M$3:$N$18,2,FALSE)&$BB$2&K26&$BD$2,"") -> [2,25]
A25: 21 | B25: M3 | C25: 100 | D25: M4 | E25: 100 | F25: WILD | G25: 100 | H25: M1 | I25: 100 | J25: M3 | K25: 25 | N25: Symbol | O25: 2 | P25: 3 | Q25: 4 | R25: 5 | T25: =N25 -> Symbol | U25: =O25 -> 2 | V25: =P25 -> 3 | W25: =Q25 -> 4 | X25: =R25 -> 5 | Y25: Total | AA25: Symbol | AB25: 2 | AC25: 3 | AD25: 4 | AE25: 5 | AG25: Symbol | AH25: 2 | AI25: 3 | AJ25: 4 | AK25: 5 | AM25: Symbol | AN25: 3 | AO25: 4 | AP25: 5 | AR25: Symbol | AS25: 4 | AT25: 5 | AV25: Symbol | AW25: 5 | BB25: =IFERROR($BC$2&VLOOKUP(B27,'Pay Table'!$M$3:$N$18,2,FALSE)&$BB$2&C27&$BD$2,"") -> [2,100] | BC25: =IFERROR($BC$2&VLOOKUP(D27,'Pay Table'!$M$3:$N$18,2,FALSE)&$BB$2&E27&$BD$2,"") -> [4,100] | BD25: =IFERROR($BC$2&VLOOKUP(F27,'Pay Table'!$M$3:$N$18,2,FALSE)&$BB$2&G27&$BD$2,"") -> [0,100] | BE25: =IFERROR($BC$2&VLOOKUP(H27,'Pay Table'!$M$3:$N$18,2,FALSE)&$BB$2&I27&$BD$2,"") -> [8,100] | BF25: =IFERROR($BC$2&VLOOKUP(J27,'Pay Table'!$M$3:$N$18,2,FALSE)&$BB$2&K27&$BD$2,"") -> [94,25]
A26: 22 | B26: M4 | C26: 100 | D26: M5 | E26: 100 | F26: M1 | G26: 100 | H26: A | I26: 100 | J26: M3 | K26: 25 | N26: =N5 -> LINK | T26: =N26 -> LINK | AA26: =N5 -> LINK | AG26: =AA26 -> LINK | AM26: =AG26 -> LINK | AR26: =AM26 -> LINK | AV26: =AR26 -> LINK | BB26: =IFERROR($BC$2&VLOOKUP(B28,'Pay Table'!$M$3:$N$18,2,FALSE)&$BB$2&C28&$BD$2,"") -> [7,100] | BC26: =IFERROR($BC$2&VLOOKUP(D28,'Pay Table'!$M$3:$N$18,2,FALSE)&$BB$2&E28&$BD$2,"") -> [0,100] | BD26: =IFERROR($BC$2&VLOOKUP(F28,'Pay Table'!$M$3:$N$18,2,FALSE)&$BB$2&G28&$BD$2,"") -> [0,100] | BE26: =IFERROR($BC$2&VLOOKUP(H28,'Pay Table'!$M$3:$N$18,2,FALSE)&$BB$2&I28&$BD$2,"") -> [2,100] | BF26: =IFERROR($BC$2&VLOOKUP(J28,'Pay Table'!$M$3:$N$18,2,FALSE)&$BB$2&K28&$BD$2,"") -> [8,100]
A27: 23 | B27: M3 | C27: 100 | D27: M5 | E27: 100 | F27: M1 | G27: 100 | H27: J | I27: 100 | J27: LINK | K27: 25 | N27: =N6 -> WILD | T27: =N27 -> WILD | V27: =P27 -> 0 | W27: =Q27 -> 0 | X27: =R27 -> 0 | Y27: =SUM(U27:X27) -> 0 | AA27: =N6 -> WILD | AG27: =AA27 -> WILD | AM27: =AG27 -> WILD | AR27: =AM27 -> WILD | AV27: =AR27 -> WILD | BB27: =IFERROR($BC$2&VLOOKUP(B29,'Pay Table'!$M$3:$N$18,2,FALSE)&$BB$2&C29&$BD$2,"") -> [6,100] | BC27: =IFERROR($BC$2&VLOOKUP(D29,'Pay Table'!$M$3:$N$18,2,FALSE)&$BB$2&E29&$BD$2,"") -> [0,100] | BD27: =IFERROR($BC$2&VLOOKUP(F29,'Pay Table'!$M$3:$N$18,2,FALSE)&$BB$2&G29&$BD$2,"") -> [2,100] | BE27: =IFERROR($BC$2&VLOOKUP(H29,'Pay Table'!$M$3:$N$18,2,FALSE)&$BB$2&I29&$BD$2,"") -> [7,100] | BF27: =IFERROR($BC$2&VLOOKUP(J29,'Pay Table'!$M$3:$N$18,2,FALSE)&$BB$2&K29&$BD$2,"") -> [7,100]
A28: 24 | B28: Q | C28: 100 | D28: M1 | E28: 100 | F28: M1 | G28: 100 | H28: M3 | I28: 100 | J28: J | K28: 100 | N28: =N7 -> M1 | O28: =O7*($P$6+P7)*($Q$21-Q7-$Q$6)*$R$21*$S$21 -> 1.1804981e+17 | P28: =O7*($P$6+P7)*($Q$6+Q7)*($R$21-R7-$R$6)*$S$21 -> 3.4926239e+16 | Q28: =O7*($P$6+P7)*($Q$6+Q7)*($R$6+R7)*($S$21-S7-$S$6) -> 9.138427e+15 | R28: =O7*($P$6+P7)*($Q$6+Q7)*($R$6+R7)*($S$6+S7) -> 2.6798906e+15 | T28: =N28 -> M1 | U28: =O28 -> 1.1804981e+17 | V28: =P28 -> 3.4926239e+16 | W28: =Q28 -> 9.138427e+15 | X28: =R28 -> 2.6798906e+15 | Y28: =SUM(U28:X28) -> 1.6479437e+17 | AA28: =N7 -> M1 | AB28: =O7*P7*($Q$21-Q7-$Q$6)*$R$21*$S$21 -> 6.4811661e+16 | AC28: =O7*P7*Q7*($R$21-R7-$R$6)*$S$21 -> 1.3000129e+16 | AD28: =O7*P7*Q7*R7*($S$21-S7-$S$6) -> 1.969275e+15 | AE28: =O7*P7*Q7*R7*S7 -> 346500000000000 | AG28: =AA28 -> M1 | AH28: =O7*$P$6*($Q$21-Q7-$Q$6)*$R$21*$S$21 -> 5.323815e+16 | AI28: =O7*$P$6*Q7*($R$21-R7-$R$6)*$S$21+ O7*P7*$Q$6*($R$21-R7-$R$6)*$S$21 -> 1.6853738e+16 | AJ28: =O7*$P$6*Q7*R7*($S$21-S7-$S$6)+ O7*P7*$Q$6*R7*($S$21-S7-$S$6)+ O7*P7*Q7*$R$6*($S$21-S7-$S$6) -> 3.9852244e+15 | AK28: {=O7*$P$6*Q7*R7*S7+ O7*P7*$Q$6*R7*S7+ O7*P7*Q7*$R$6*S7+ O7*P7*Q7*R7*$S$6} -> 932212500000000 | AM28: =AG28 -> M1 | AN28: =O7*$P$6*$Q$6*($R$21-R7-$R$6)*$S$21 -> 5.0723717e+15 | AO28: =O7*$P$6*$Q$6*R7*($S$21-S7-$S$6)+ O7*$P$6*Q7*$R$6*($S$21-S7-$S$6)+ O7*P7*$Q$6*$R$6*($S$21-S7-$S$6) -> 2.6251139e+15 | AP28: {=O7*$P$6*$Q$6*R7*S7+ O7*$P$6*Q7*$R$6*S7+ O7*P7*$Q$6*$R$6*S7+ O7*P7*$Q$6*R7*$S$6+ O7*P7*Q7*$R$6*$S$6+ O7*$P$6*Q7*R7*$S$6} -> 929371875000000 | AR28: =AM28 -> M1 | AS28: =O7*$P$6*$Q$6*$R$6*($S$21-S7-$S$6) -> 558813750000000 | AT28: =O7*$P$6*$Q$6*$R$6*S7+ O7*$P$6*$Q$6*R7*$S$6+ O7*$P$6*Q7*$R$6*$S$6+ O7*P7*$Q$6*$R$6*$S$6 -> 406256250000000 | AV28: =AR28 -> M1 | AW28: =O7*$P$6*$Q$6*$R$6*$S$6 -> 65550000000000 | BB28: =IFERROR($BC$2&VLOOKUP(B30,'Pay Table'!$M$3:$N$18,2,FALSE)&$BB$2&C30&$BD$2,"") -> [1,100] | BC28: =IFERROR($BC$2&VLOOKUP(D30,'Pay Table'!$M$3:$N$18,2,FALSE)&$BB$2&E30&$BD$2,"") -> [0,100] | BD28: =IFERROR($BC$2&VLOOKUP(F30,'Pay Table'!$M$3:$N$18,2,FALSE)&$BB$2&G30&$BD$2,"") -> [7,100] | BE28: =IFERROR($BC$2&VLOOKUP(H30,'Pay Table'!$M$3:$N$18,2,FALSE)&$BB$2&I30&$BD$2,"") -> [1,100] | BF28: =IFERROR($BC$2&VLOOKUP(J30,'Pay Table'!$M$3:$N$18,2,FALSE)&$BB$2&K30&$BD$2,"") -> [6,100]
A29: 25 | B29: K | C29: 100 | D29: M1 | E29: 100 | F29: M3 | G29: 100 | H29: Q | I29: 100 | J29: Q | K29: 100 | N29: =N8 -> M2 | O29: =O8*($P$6+P8)*($Q$21-Q8-$Q$6)*$R$21*$S$21 -> 1.9737108e+17 | P29: =O8*($P$6+P8)*($Q$6+Q8)*($R$21-R8-$R$6)*$S$21 -> 3.9800522e+16 | Q29: =O8*($P$6+P8)*($Q$6+Q8)*($R$6+R8)*($S$21-S8-$S$6) -> 8.6453314e+15 | R29: =O8*($P$6+P8)*($Q$6+Q8)*($R$6+R8)*($S$6+S8) -> 2.9902469e+15 | T29: =N29 -> M2 | U29: =O29 -> 1.9737108e+17 | V29: =P29 -> 3.9800522e+16 | W29: =Q29 -> 8.6453314e+15 | X29: =R29 -> 2.9902469e+15 | Y29: =SUM(U29:X29) -> 2.4880718e+17 | AA29: =N8 -> M2 | AB29: =O8*P8*($Q$21-Q8-$Q$6)*$R$21*$S$21 -> 1.1483408e+17 | AC29: =O8*P8*Q8*($R$21-R8-$R$6)*$S$21 -> 1.2924652e+16 | AD29: =O8*P8*Q8*R8*($S$21-S8-$S$6) -> 1.486296e+15 | AE29: =O8*P8*Q8*R8*S8 -> 332640000000000 | AG29: =AA29 -> M2 | AH29: =O8*$P$6*($Q$21-Q8-$Q$6)*$R$21*$S$21 -> 8.2536998e+16 | AI29: =O8*$P$6*Q8*($R$21-R8-$R$6)*$S$21+ O8*P8*$Q$6*($R$21-R8-$R$6)*$S$21 -> 1.9521609e+16 | AJ29: =O8*$P$6*Q8*R8*($S$21-S8-$S$6)+ O8*P8*$Q$6*R8*($S$21-S8-$S$6)+ O8*P8*Q8*$R$6*($S$21-S8-$S$6) -> 3.5660782e+15 | AK29: {=O8*$P$6*Q8*R8*S8+ O8*P8*$Q$6*R8*S8+ O8*P8*Q8*$R$6*S8+ O8*P8*Q8*R8*$S$6} -> 979545000000000 | AM29: =AG29 -> M2 | AN29: =O8*$P$6*$Q$6*($R$21-R8-$R$6)*$S$21 -> 7.3542614e+15 | AO29: =O8*$P$6*$Q$6*R8*($S$21-S8-$S$6)+ O8*$P$6*Q8*$R$6*($S$21-S8-$S$6)+ O8*P8*$Q$6*$R$6*($S$21-S8-$S$6) -> 2.8412079e+15 | AP29: {=O8*$P$6*$Q$6*R8*S8+ O8*$P$6*Q8*$R$6*S8+ O8*P8*$Q$6*$R$6*S8+ O8*P8*$Q$6*R8*$S$6+ O8*P8*Q8*$R$6*$S$6+ O8*$P$6*Q8*R8*$S$6} -> 1.0712056e+15 | AR29: =AM29 -> M2 | AS29: =O8*$P$6*$Q$6*$R$6*($S$21-S8-$S$6) -> 751749250000000 | AT29: =O8*$P$6*$Q$6*$R$6*S8+ O8*$P$6*$Q$6*R8*$S$6+ O8*$P$6*Q8*$R$6*$S$6+ O8*P8*$Q$6*$R$6*$S$6 -> 515086250000000 | AV29: =AR29 -> M2 | AW29: =O8*$P$6*$Q$6*$R$6*$S$6 -> 91770000000000 | BB29: =IFERROR($BC$2&VLOOKUP(B31,'Pay Table'!$M$3:$N$18,2,FALSE)&$BB$2&C31&$BD$2,"") -> [1,100] | BC29: =IFERROR($BC$2&VLOOKUP(D31,'Pay Table'!$M$3:$N$18,2,FALSE)&$BB$2&E31&$BD$2,"") -> [6,100] | BD29: =IFERROR($BC$2&VLOOKUP(F31,'Pay Table'!$M$3:$N$18,2,FALSE)&$BB$2&G31&$BD$2,"") -> [6,100] | BE29: =IFERROR($BC$2&VLOOKUP(H31,'Pay Table'!$M$3:$N$18,2,FALSE)&$BB$2&I31&$BD$2,"") -> [1,100] | BF29: =IFERROR($BC$2&VLOOKUP(J31,'Pay Table'!$M$3:$N$18,2,FALSE)&$BB$2&K31&$BD$2,"") -> [92,100]
